Прізвище,Ім'я,По батькові,Стать,Дата народження,Посада,Місто,Адреса,Телефон,Email
Барабаш,Микита,Богданович,Ч,1998-10-21,Державний службовець,селище Прилуки,"вулиця Станційна 2-га, буд. 19 кв. 7, Маріуполь, 54551",056 886 34 22,usimashkevych@example.net
Закусило,Лукʼян,Тарасович,Ч,2003-11-03,Паблік рилейшнз,місто Лебедин,"сквер Яна Длугоша, буд. 7 кв. 3, Горлівка, 80018",013 354 94 58,waleksandrenko@example.net
Ніколюк,Ігор,Петрович,Ч,1994-06-29,Фотограф,селище Горішні Плавні,"вулиця Абрикосова, буд. 1, Оріхів, 37604",547-78-29,bivanenko@example.org
Лесик,Лесь,Дмитрович,Ч,1997-11-21,Флорист,селище Роздільна,"вулиця Яші Гордієнка, буд. 032 кв. 4, Горішні Плавні, 11417",+380 (97) 365-27-91,marta70@example.com
Стельмах,Макар,Богданович,Ч,1966-08-22,Драматург,селище Городок,"сквер Нафтовиків, буд. 94, Мерефа, 21137",+380 18 980-95-00,mderiazhnyi@example.net
Абрагамовська,Єлисавета,Олександрівна,Ж,1996-07-24,Вчитель,селище Чистякове,"шосе Штурманська, буд. 0 кв. 76, Долина, 05369",244 80 91,ostap83@example.org
Полтавець,Володимира,Андріївна,Ж,1965-08-29,Сценарист,хутір Заводське,"набережна Лютневий 1-й, буд. 6, Радомишль, 39243",951 51 27,leontii99@example.net
Ковалюк,Михайло,Петрович,Ч,1974-08-20,Мікробіолог,хутір Угнів,"провулок Аптекарський, буд. 612 кв. 56, Валки, 11061",250-97-07,usirchenko@example.com
Єресько,Орина,Ігорівна,Ж,2005-07-09,Доцент,місто Єнакієве,"набережна Свободи, буд. 59 кв. 49, Армянськ, 43554",028 604 17 66,bkonoplia@example.org
Саченко,Віктор,Андрійович,Ч,1996-07-10,Слідчий,село Сокаль,"узвіз Опішнянський, буд. 2, Жидачів, 82886",+380 53 297 04 79,mykyta46@example.net
Теличенко,Олена,Олегівна,Ж,2010-06-16,Медик,місто Сновськ,"сквер Сінна, буд. 71 кв. 62, Єнакієве, 11879",047 684-83-24,viakymenko@example.org
Рудик,Дмитро,Васильович,Ч,1962-10-03,Модельєр,селище Дубно,"сквер Олександра Кошиця, буд. 883, Заводське, 58100",077 08 16,marta17@example.net
Щербак,Марʼяна,Тарасівна,Ж,1946-04-16,Конструктор,село Буськ,"площа Північна, буд. 15 кв. 340, Таврійськ, 74300",087 61 21,avreliikolesnychenko@example.org
Артимишин,Дан,Тарасович,Ч,2007-04-03,Композитор,місто Тростянець,"вулиця Студентський, буд. 358 кв. 59, Володимир-Волинський, 82076",059 295-10-50,fmakarenko@example.com
Терещенко,Леонід,Ігорович,Ч,1961-05-17,Фізик,хутір Лохвиця,"парк 21-й км Старокиївської дороги, буд. 8, Петрово-Красносілля, 67647",181-01-83,zakhariefymenko@example.net
Слюсар,Борислав,Миколайович,Ч,2005-10-23,Конструктор,місто Жашків,"сквер Скрипковий, буд. 6, Миргород, 43464",048 824 13 43,iaroslavzarudnyi@example.org
Цюпа,Богодар,Богданович,Ч,1957-05-15,Хімік,місто Покров,"проспект 8-ма Лінія 6-й ст. Люстдорфської дороги, буд. 61 кв. 2, Петрово-Красносілля, 68086",+380 (03) 414-15-93,darynakybkalo@example.org
Рябовіл,Прохір,Євгенович,Ч,2002-11-01,Етнограф,хутір Старобільськ,"шосе Сортувальна 1-ша, буд. 4 кв. 10, Глиняни, 19112",+380 63 709 02 58,andriialeksiuk@example.net
Єфименко,Амалія,Олександрівна,Ж,1980-12-09,Редактор,селище Чигирин,"проспект Лінія 52-га, буд. 71, Кремінна, 24627",+380 (67) 563-40-53,khrystynaieremenko@example.net
Захарченко,Єлисей,Васильович,Ч,2008-03-20,Паралегал,село Барвінкове,"узвіз Шебелінський, буд. 49 кв. 6, Хмельницький, 14192",+380 78 597-75-43,volodymyrapiddubnyi@example.org
Рябовіл,Опанас,Іванович,Ч,1986-10-28,Режисер,село Бережани,"провулок Світла, буд. 00, Сімферополь, 36749",092 048 99 78,violettamedvedenko@example.org
Тесленко,Валентина,Степанівна,Ж,2011-01-13,Агроном,місто Приморськ,"проспект Китобійний 1-й, буд. 01 кв. 4, Тетіїв, 06622",+380 (34) 506-84-70,ushchyrytsia@example.org
Левченко,Наталія,Юріївна,Ж,1972-08-04,Конструктор,селище Зугрес,"площа Артилерійська, буд. 88, Обухів, 91666",+380 37 124-90-98,xhaidabura@example.net
Усик,Владислав,Олегович,Ч,1981-11-19,Гірничий інженер,селище Моспине,"проспект Північна, буд. 8 кв. 9, Хмільник, 16769",781 27 58,venedykt62@example.com
Саєнко,Орина,Романівна,Ж,2011-03-20,Бібліограф,селище Березівка,"вулиця Берегова, буд. 83, Миколаївка, 20177",047 770 43 79,shevchenkomakar@example.net
Теличенко,Орися,Тарасівна,Ж,2004-06-14,Стропальник,селище Перемишляни,"шосе Аптекарський, буд. 4, Сквира, 77810",+380 80 875 71 44,habelkoanton@example.com
Чорновіл,Орхип,Олександрович,Ч,1948-09-05,Флорист,хутір Чортків,"набережна Покровський, буд. 11, Семенівка, 89925",+380 (78) 543-70-44,hutsuliakprokhir@example.net
Михалюк,Богуслав,Вікторович,Ч,2004-07-04,Доцент,хутір Глобине,"проспект Юрія Єгорова, буд. 76, Самбір, 30340",+380 01 603-79-84,aieromenko@example.net
Алексійчук,Едита,Андріївна,Ж,1979-02-05,Прокурор,село Перемишляни,"провулок Ключовий 1-й, буд. 299 кв. 1, Болград, 84960",024 217 20 74,emiliiakozachenko@example.org
Козак,Тимофій,Григорович,Ч,1951-11-20,Фармацевт,місто Радивилів,"узвіз Проектований 4-й, буд. 19, Рівне, 01895",+380 (45) 778-45-51,hryhorii50@example.org
Оробець,Ілля,Олександрович,Ч,1976-07-26,Ґрунтознавець,місто Нове Давидково,"площа Балтиморська, буд. 99, Косів, 26396",081 780-57-48,wromanchuk@example.net
Вітрук,Софія,Олегівна,Ж,1961-08-08,Секретар,місто Херсон,"вулиця Бугаївська, буд. 8, Ізмаїл, 28219",+380 83 473 26 16,ievtushokboryslav@example.com
Терещенко,Трохим,Ігорович,Ч,1988-02-16,Стиліст,хутір Узин,"провулок Андрія Гулого-Гуленка, буд. 79 кв. 10, Сокаль, 84589",137-76-00,iradchenko@example.com
Фастенко,Борис,Вікторович,Ч,1999-04-27,Модель,хутір Верхньодніпровськ,"сквер Кременецький, буд. 089 кв. 52, Щолкіне, 45554",+380 73 627-65-30,sliusarmaryna@example.net
Корж,Роксолана,Григорівна,Ж,1971-04-30,Педагог,село Бучач,"набережна Евлії Челебі, буд. 942 кв. 82, Куп'янськ, 14715",006 028-55-32,milenaostapchuk@example.net
Закусило,Ірина,Григорівна,Ж,1985-02-10,Математик,селище Коломия,"площа Караїмська, буд. 0, Таврійськ, 93820",+380 72 245-50-18,andriihupalo@example.net
Артюшенко,Ігор,Миколайович,Ч,1983-03-08,Соціолог,хутір Бурштин,"проспект Травневий 1-й, буд. 084 кв. 89, Гірник, 51816",462 53 94,xshcherbak@example.net
Макогон,Ольга,Максимівна,Ж,2003-06-18,Круп'є,хутір Угнів,"набережна Кришталева, буд. 97 кв. 75, Нове Давидково, 79108",854 39 20,ievhen24@example.org
Чубай,Пармен,Юрійович,Ч,2010-04-22,Кушнір,хутір Заставна,"парк Айвазовського, буд. 13, Вашківці, 75060",+380 47 549-16-82,babarychenkoamaliia@example.net
Кальченко,Назар,Григорович,Ч,1955-08-30,Складальник,хутір Шпола,"провулок Металістів, буд. 372, Покровськ, 94304",118 34 67,danchenkoiukhym@example.net
Гуцуляк,Анжела,Романівна,Ж,1984-02-04,Графік,селище Умань,"сквер Скліфосовського, буд. 84, Дергачі, 43656",969 49 72,anastasiia49@example.org
Чаленко,Ігнат,Максимович,Ч,1992-04-24,Випробувач,село Бар,"проспект Набережна, буд. 03 кв. 395, Путивль, 61906",074 642 23 84,xkalchenko@example.net
Доценко,Йосип,Дмитрович,Ч,1950-09-20,Громадський діяч,село Лозова,"площа Сільська, буд. 9 кв. 825, Ямпіль, 20848",+380 (15) 375-39-94,albert02@example.com
Гайдамака,Тарас,Олександрович,Ч,1954-06-10,Льотчик,місто Вишневе,"узвіз Світла, буд. 34 кв. 5, Сокиряни, 86653",025 11 32,oleksapetrenko@example.com
Корпанюк,Охрім,Миколайович,Ч,1950-08-19,Хімік,селище Винники,"проспект Бодаревського, буд. 205, Сновськ, 67518",+380 78 778 72 35,konopliasnizhana@example.com
Мамчур,Степан,Юрійович,Ч,1974-04-25,Фотограф,хутір Кагарлик,"парк Астрономічний, буд. 77, Угнів, 24929",043-84-57,vasylechkorozaliia@example.org
Мамчур,Валерій,Леонідович,Ч,2011-03-14,Ріелтор,хутір Андрушівка,"площа Лазурний 3-й, буд. 91 кв. 63, Гребінка, 76291",574 75 90,wvakarchuk@example.org
Слюсар,Костянтин,Богданович,Ч,2005-05-01,Композитор,місто Довжанськ,"вулиця Хутірський, буд. 662 кв. 0, Кам'янець-Подільський, 81773",289-77-37,aovsiienko@example.org
Христич,Теодор,Степанович,Ч,2005-06-01,Драматург,хутір Бережани,"сквер Кавказький, буд. 194, Златопіль, 40704",742-57-23,bohdanfranchuk@example.org
Рябченко,Руслан,Олександрович,Ч,1977-08-24,Композитор,місто Стрий,"набережна Уманська, буд. 244, Волноваха, 43543",+380 81 013-23-17,anita88@example.com
Гупало,Дмитро,Сергійович,Ч,1968-08-23,Намотувальник,селище Харків,"провулок Вчительської, 2-й, буд. 346 кв. 94, Білогірськ, 41463",062 574-03-08,bartymovych@example.com
Базилевський,Давид,Романович,Ч,1993-03-23,Візажист,село Бурштин,"шосе Кордонна, буд. 9, Балаклія, 39087",091 753 53 66,skopenkostefan@example.net
Базилевський,Захар,Іванович,Ч,1979-07-25,Журналіст,хутір Вуглегірськ,"сквер Мелодійний, буд. 851 кв. 389, Луцьк, 07645",+380 (38) 444-58-29,jdeineko@example.org
Данилюк,Анастасія,Степанівна,Ж,1983-01-17,Композитор,місто Вишневе,"вулиця Ланжерон, буд. 3 кв. 60, Одеса, 16401",+380 11 517-85-05,okseniia88@example.net
Іванченко,Артем,Петрович,Ч,1973-06-22,Етнограф,хутір Помічна,"шосе Чорноморський 1-й, буд. 3 кв. 46, Перечин, 13730",651 45 80,ekhorishko@example.org
Баштан,Віолетта,Василівна,Ж,1950-05-19,Філолог,село Хорол,"сквер Десантний, буд. 559, Молочанськ, 18231",+380 82 283-42-75,olhashvachka@example.com
Фастенко,Віолетта,Богданівна,Ж,1999-09-28,Інженер,місто Моршин,"сквер Іспанська, буд. 533 кв. 7, Кобеляки, 47216",+380 49 158 58 83,alla00@example.org
Артимович,Олександр,Степанович,Ч,1957-03-19,Євнух,селище Бахчисарай,"вулиця Люстдорфський, буд. 118 кв. 861, Подільськ, 12838",+380 (73) 998-23-67,roman14@example.net
Авдєєнко,Богуслав,Романович,Ч,2003-03-21,Сантехнік,селище Гребінка,"проспект Соляний 1-й, буд. 11 кв. 40, Роздільна, 66662",+380 45 290-84-84,aleksiukamvrosii@example.net
Макаренко,Варвара,Ігорівна,Ж,1985-12-17,Мінералог,місто Южне,"шосе Петра Біциллі, буд. 7, Щастя, 29847",800 78 12,verkholahanna@example.net
Єременко,Олександр,Тарасович,Ч,1972-03-30,Єгер,селище Горлівка,"провулок Лобачевського, буд. 59, Бібрка, 09430",+380 43 801 85 59,frantsirvanets@example.net
Корпанюк,Августин,Іванович,Ч,1993-03-16,Професор,село Ірпінь,"сквер Люстдорфський, буд. 92 кв. 472, Носівка, 32304",+380 81 339-52-34,ekovalenko@example.net
Оніщук,Любов,Олександрівна,Ж,1972-03-15,Вчитель,місто Жданівка,"набережна Бузковий 1-й, буд. 393 кв. 96, Заліщики, 46816",004 58 71,sofiia08@example.net
Чумаченко,Аніта,Юріївна,Ж,1998-10-26,Прокурор,село Черкаси,"провулок Вершинна, буд. 602 кв. 8, Львів, 36147",+380 (76) 600-86-40,boleslav73@example.com
Бабариченко,Орест,Максимович,Ч,1977-01-06,Прокурор,село Ялта,"парк Виноградна 1-ша, буд. 4, Нове Давидково, 65529",+380 26 457 92 27,okhrimenkoodarka@example.net
Шамрай,Микита,Андрійович,Ч,2010-08-10,Режисер,селище Лутугине,"площа Удільний, буд. 5 кв. 6, Селидове, 11071",852 85 55,lredko@example.net
Товстоліс,Климент,Петрович,Ч,1949-02-19,Паралегал,селище Скалат,"площа Озерна, буд. 69 кв. 979, Вінниця, 46840",919 54 13,ielysaveta48@example.org
Бакуменко,Людмила,Григорівна,Ж,1969-07-01,Астрофізик,місто Березне,"провулок Дальницьке, буд. 473, Кам'янське, 55267",019 265-34-67,ykorbut@example.net
Ващук,Теодор,Сергійович,Ч,1959-08-20,Журналіст,хутір Глобине,"площа Сергія Уточкіна, буд. 9, Зборів, 75436",+380 61 475-06-44,lizasymonenko@example.net
Бабійчук,Марʼяна,Григорівна,Ж,1968-09-03,Кінорежисер,селище Ананьїв,"провулок Горизонтальна, буд. 006 кв. 75, Острог, 34531",573 18 57,vitaliikonoplenko@example.org
Зарудний,Зиновій,Григорович,Ч,1958-12-18,Електрик,місто Глухів,"провулок Яружний, буд. 24, Буськ, 79398",805-47-88,amaliiaizhak@example.net
Іваненко,Назар,Олександрович,Ч,1988-11-17,Гірничий інженер,село Жовті Води,"сквер Квіткова, буд. 22 кв. 3, Татарбунари, 91653",069 203 59 38,anzhela66@example.com
Павлик,Орхип,Миколайович,Ч,1975-05-28,Стоматолог,місто Ворожба,"проспект Виїзна, буд. 84 кв. 16, Заставна, 10481",+380 16 459-94-11,monyshchenko@example.org
Царенко,Марина,Богданівна,Ж,1996-11-12,Нотаріус,хутір Вознесенськ,"проспект Супутників, буд. 219, Борзна, 58723",725-80-96,anita18@example.com
Кармалюк,Тарас,Романович,Ч,1977-08-27,Няня,селище Баранівка,"узвіз Крушельницької, буд. 65 кв. 8, Тлумач, 78531",+380 (14) 401-66-61,nikoliukrostyslav@example.com
Рак,Богданна,Дмитрівна,Ж,1983-05-19,Фермер,село Канів,"вулиця Чорноморський 3-й, буд. 2, Вишгород, 84593",186 78 78,kyrylenkomariana@example.net
Андрійович,Орина,Олегівна,Ж,2007-12-04,Няня,селище Кам'янка-Бузька,"сквер Скрипковий, буд. 58, Пустомити, 39949",+380 14 431-92-31,wzakharenko@example.org
Шаблій,Марʼяна,Євгенівна,Ж,1964-07-02,Правник,місто Комарно,"парк Спортивний, буд. 085, Миколаївка, 32331",+380 20 358 35 76,valentynorlyk@example.net
Жайворон,Єлисей,Романович,Ч,2001-04-13,Шериф,селище Шептицький,"вулиця Басейний 6-й, буд. 5, Прилуки, 87094",+380 56 686-14-97,riabetspanas@example.org
Верес,Оксана,Юріївна,Ж,1997-05-29,Шериф,селище Докучаєвськ,"парк Ганса Германа, буд. 96, Южне, 90368",+380 (62) 132-16-79,danylovasylevych@example.net
Забіла,Едита,Максимівна,Ж,1980-04-06,Дерун,село Ворожба,"вулиця Лузанівський, буд. 60 кв. 33, Берислав, 38107",058 641-86-62,qartiukh@example.net
Корж,Наталія,Романівна,Ж,1975-12-20,Астронавт,місто Зоринськ,"узвіз Раїси Сергієнко, буд. 07, Отаманівка, 18688",+380 19 553-01-95,opanas49@example.net
Авдєєнко,Едуард,Сергійович,Ч,1961-07-30,Стиліст,хутір Чернівці,"парк Миргородський, буд. 091, Збараж, 65161",+380 69 230-54-14,adatsymbaliuk@example.net
Перебийніс,Лариса,Василівна,Ж,1997-05-12,Підприємець,місто Вугледар,"проспект Сьома, буд. 64, Ковель, 54359",+380 79 179-02-54,adamenkoadam@example.net
Вітрук,Вікторія,Ігорівна,Ж,1954-07-27,Стоматолог,село Баранівка,"шосе Вапняний 1-й, буд. 610, Дніпрорудне, 99961",+380 99 909 63 67,roksolanaprokopovych@example.net
Іваничук,Орися,Іванівна,Ж,2005-11-14,Співак,місто Тячів,"провулок Велика Арнаутська, буд. 73, Радивилів, 83322",+380 70 479-55-39,sychorysia@example.org
Андрієнко,Розалія,Богданівна,Ж,1973-07-21,Архітектор,хутір Новояворівськ,"шосе Топольського, буд. 230 кв. 56, Фастів, 32665",+380 85 282-91-49,yreva@example.org
Аронець,Любов,Сергіївна,Ж,2001-10-31,Ді-джей,село Брянка,"набережна Лютеранський, буд. 821 кв. 7, Бібрка, 39148",066 408-04-62,chumachenkozlatoslava@example.com
Романець,Марина,Дмитрівна,Ж,1983-04-17,Прокурор,село Дрогобич,"узвіз Берестейська, буд. 05 кв. 6, Рахів, 23546",+380 94 648-25-96,sychstefan@example.net
Дробʼязко,Анастасія,Дмитрівна,Ж,1955-12-21,Педагог,хутір Новодністровськ,"вулиця Деревообробний 1-й, буд. 03 кв. 0, Мала Виска, 83364",059 829-52-52,ievhen05@example.net
Верменич,Камілла,Вікторівна,Ж,1966-06-14,Льотчик,хутір Ніжин,"узвіз Лютневий 1-й, буд. 712, Кадіївка, 27525",009 716-38-90,shapovalieva@example.org
Дробаха,Онисим,Леонідович,Ч,2008-02-08,Астрофізик,село Вінниця,"проспект Князя Володимира Великого , буд. 21, Радивилів, 87727",002 410-24-56,tetianababarychenko@example.com
Девдюк,Устим,Степанович,Ч,2003-04-02,Музичний редактор,місто Решетилівка,"площа Довга, буд. 28 кв. 8, Борислав, 31638",049 224-91-70,artiukhmykhailo@example.org
Туркало,Аліна,Вікторівна,Ж,1953-05-24,Швачка,хутір Камінь-Каширський,"набережна Місячний, буд. 071, Вознесенівка, 84523",350 59 01,haidaizorian@example.net
Сірченко,Олесь,Богданович,Ч,1970-10-24,Мікробіолог,хутір Обухів,"провулок Братів Малакових, буд. 179 кв. 46, Козятин, 65918",063-64-73,arkadii66@example.com
Андрійчук,Ірина,Миколаївна,Ж,1947-06-29,Історик,село Амвросіївка,"набережна Баркасний, буд. 337 кв. 517, Роздільна, 67792",076-20-40,vira40@example.com
Оробець,Ліза,Петрівна,Ж,1982-12-25,Візажист,селище Феодосія,"сквер Велика Садова, буд. 67 кв. 8, Герца, 71872",297 83 58,fesenkopylyp@example.com
Левченко,Едуард,Романович,Ч,1984-11-09,Фармацевт,місто Татарбунари,"шосе Травневий 5-й, буд. 58 кв. 7, Могилів-Подільський, 77325",014 483-51-10,varvaraoberemko@example.net
Джус,Святослав,Олегович,Ч,2005-02-18,Актор,селище Ніжин,"парк Джинестрівська, буд. 876 кв. 0, Ровеньки, 74829",+380 58 893 91 63,iustyna99@example.com
Ємець,Єфрем,Романович,Ч,1980-08-23,Мінералог,село Чортків,"сквер Буковинська, буд. 341, Ромни, 49781",013 374-15-85,prymachenkosviatoslav@example.net
Девдюк,Остап,Олегович,Ч,1952-02-13,Євнух,хутір Благовіщенське,"набережна Надіїі, буд. 13 кв. 601, Тиврів, 33308",047 066 21 18,bohuslavvobla@example.com
Дашенко,Тимофій,Максимович,Ч,2007-07-19,Будник,село Рудки,"шосе Пересипська 8-ма, буд. 98, Луцьк, 44649",+380 25 642-28-72,knesterenko@example.com
Піддубна,Марта,Андріївна,Ж,2002-03-09,Бібліотекар,хутір Коростишів,"набережна Лінія 46-та, буд. 3 кв. 592, Тетіїв, 79109",+380 88 896 66 00,nataliia57@example.net
Демиденко,Йосип,Петрович,Ч,1987-12-28,Актор,село Могилів-Подільський,"проспект Патріотична, буд. 3, Берестин, 02322",000 545-97-85,atsiupa@example.org
Дутка,Владислав,Петрович,Ч,1985-02-18,Музичний редактор,село Збараж,"шосе Глаубермана, буд. 8, Лубни, 08882",084 315 50 39,deinekaiarema@example.org
Андрейко,Ярема,Олегович,Ч,1955-01-03,Краєзнавець,село Добропілля,"проспект Літакова, буд. 9 кв. 5, Білопілля, 90333",+380 (62) 468-56-93,sviatoslava62@example.net
Устенко,Вʼячеслав,Олегович,Ч,1946-03-02,Провізор,село Кіцмань,"сквер Парашутний, буд. 6 кв. 4, Яворів, 44117",020 214-55-52,irenazasenko@example.com
Ємець,Зиновій,Леонідович,Ч,1978-01-30,Драматург,селище Сватове,"проспект Елеваторна, буд. 593, Сніжне, 62948",041 848 44 05,mykhailynademianiuk@example.com
Копитко,Ілля,Іванович,Ч,2009-06-09,Швачка,село Сіверськодонецьк,"площа Поштова, буд. 458, Новоград-Волинський, 51876",069 100-96-17,fperepelytsia@example.net
Артимишин,Наталія,Петрівна,Ж,2002-02-12,Парфюмер,село Переяслав,"площа Кипарисний 2-й, буд. 291 кв. 438, Шептицький, 46650",+380 79 391-29-26,havrylo27@example.com
Негода,Соломон,Іванович,Ч,2005-01-12,Льотчик,селище Охтирка,"сквер Байкал тупик, буд. 0 кв. 10, Іршава, 67029",094-06-07,tetiana20@example.com
Аверченко,Одарка,Дмитрівна,Ж,1984-12-13,Мікробіолог,селище Голубівка,"узвіз Сливовий, буд. 13 кв. 202, Алчевськ, 68690",+380 23 261-98-02,arkadiifurs@example.net
Ґерус,Орина,Богданівна,Ж,1952-08-02,Єгер,селище Фастів,"провулок Південна, буд. 35 кв. 536, Марганець, 17688",586 83 49,avramenkookseniia@example.net
Захарченко,Демид,Миколайович,Ч,1995-09-23,Перекладач,місто Іловайськ,"шосе Бориса Кифоренка, буд. 29, Красноперекопськ, 18058",+380 (70) 835-13-87,shakhraiiarema@example.net
Романчук,Адам,Олександрович,Ч,1999-10-11,Кінолог,хутір Куп'янськ,"проспект Чернишевського, буд. 12, Львів, 76015",+380 14 470-72-58,anitakadeniuk@example.net
Бандурка,Ярослав,Максимович,Ч,1973-09-30,Антрополог,місто Гнівань,"проспект Радісна, буд. 23, Винники, 70052",018 602-22-96,vbabenko@example.net
Матвієнко,Марина,Богданівна,Ж,1951-04-22,Економіст,село Дубляни,"набережна Володимира Хавкіна, буд. 91, Тальне, 18260",+380 42 504 57 44,khomapavlychenko@example.org
Ковалюк,Василь,Васильович,Ч,1992-02-13,Паблік рилейшнз,місто Зугрес,"парк Професора Каришковського, буд. 682, Суми, 81311",+380 18 332-92-14,danchukmariia@example.net
Гайдабура,Арсен,Богданович,Ч,1960-04-21,Актор,хутір Слов'янськ,"шосе Восьмого березня, буд. 957 кв. 7, Суходільськ, 87625",013 344 77 85,bohodar09@example.org
Лесик,Надія,Романівна,Ж,1979-02-27,Письменник,місто Вишгород,"шосе Демократична, буд. 053 кв. 292, Брянка, 62390",+380 (41) 166-56-47,spaschervonenko@example.com
Швайка,Борислав,Андрійович,Ч,1958-08-14,Літературознавець,селище Бобровиця,"провулок Нерубайська, буд. 598 кв. 463, Городок, 42202",+380 82 300 03 14,cskoryk@example.com
Архипенко,Йосип,Петрович,Ч,2005-06-13,Педагог,хутір Боярка,"сквер Сотника Лугіна, буд. 0, Глухів, 39141",+380 98 349-68-41,marynavobla@example.net
Шаповал,Віталій,Григорович,Ч,1960-01-17,Програміст,місто Київ,"вулиця Лиманчик 2-й Лінія 1-ша, буд. 714, Олевськ, 46726",+380 (45) 725-31-47,korzhamaliia@example.net
Примаченко,Франц,Богданович,Ч,2011-11-05,Кушнір,село Хутір-Михайлівський,"вулиця Гіацинтовий, буд. 8 кв. 0, Харків, 50713",777 64 67,levko51@example.net
Килимник,Аніта,Вікторівна,Ж,1979-12-06,Палеонтолог,селище Чортків,"площа Людмили Гінзбург, буд. 7 кв. 2, Борислав, 21875",+380 39 477-74-82,lesfranko@example.net
Ярош,Леонтій,Максимович,Ч,2003-11-08,Водій,село Отаманівка,"шосе Артилерійська, буд. 668, Южноукраїнськ, 83902",492-83-49,avhustyn14@example.com
Кабалюк,Михайлина,Тарасівна,Ж,1947-10-14,Слідчий,хутір Красилів,"парк Ширяївський, буд. 4, Славута, 38831",+380 13 226 60 76,romanartym@example.org
Баштан,Амалія,Вікторівна,Ж,2002-07-20,Штукатур,селище Тараща,"площа Промисловий, буд. 471 кв. 48, Дрогобич, 05118",+380 (43) 789-95-74,perepelytsialevko@example.net
Теличенко,Данило,Олегович,Ч,1978-03-05,Кіноактор,селище Черкаси,"сквер Привокзальний, буд. 34, Путивль, 21529",+380 50 605-94-40,adam76@example.org
Непорожній,Олександр,Олегович,Ч,1965-05-03,Стоматолог,селище Угнів,"площа Восьмого березня 8-й, буд. 88, Вашківці, 02459",+380 (50) 422-22-13,cherednykstefan@example.net
Товстоліс,Сніжана,Олегівна,Ж,2006-06-24,Композитор,хутір Камінь-Каширський,"сквер Демократична, буд. 205 кв. 563, Бершадь, 45462",021 456 31 88,zabilaielysei@example.org
Хоменко,Давид,Степанович,Ч,1983-12-20,Льотчик,місто Костопіль,"парк Верф’яний, буд. 83 кв. 9, Радивилів, 29438",616 21 43,nadiiatsiutsiura@example.net
Кальченко,Віктор,Євгенович,Ч,1957-11-29,Режисер,село Броди,"сквер Лінія 24-та, буд. 98 кв. 290, Дубровиця, 94854",+380 (87) 410-70-11,vadym99@example.net
Сич,Тарас,Вікторович,Ч,2008-04-01,М'ясник,місто Тисмениця,"парк Ференца Ліста, буд. 13, Федорівка, 60850",042 61 03,varfolomiirubets@example.com
Михайличенко,Павло,Олександрович,Ч,1973-02-27,Гірник,село Миколаївка,"вулиця Керченський 1-й, буд. 26, Ніжин, 61069",093 751-98-21,chumakserhii@example.net
Євтушок,Розалія,Олегівна,Ж,1949-06-10,Кур'єр,селище Березівка,"шосе Андреєвського, буд. 951, Євпаторія, 99731",601 06 86,emiliiazabarna@example.com
Цісик,Роман,Сергійович,Ч,1979-11-27,Електрик,хутір Бершадь,"проспект Базарна, буд. 611, Гуляйполе, 14414",+380 58 767-60-88,zorian47@example.com
Романець,Варвара,Андріївна,Ж,1973-12-24,Флорист,хутір Бобринець,"провулок Квітнева, буд. 661, Рудки, 09504",+380 (11) 396-85-45,panteleimonbarannyk@example.org
Дейнека,Христина,Євгенівна,Ж,1963-01-25,Епідеміолог,селище Верхньодніпровськ,"парк Злакова, буд. 8 кв. 93, Рава-Руська, 30772",061 064-91-79,havrylo50@example.net
Александренко,Олекса,Вікторович,Ч,1963-01-25,Клоун,село Барвінкове,"проспект Проектований 3-й, буд. 70 кв. 021, Білозерське, 66707",807 41 91,lsalii@example.org
Чорновіл,Ольга,Сергіївна,Ж,1983-10-05,Кінокритик,хутір Покров,"вулиця Коцюбинського, буд. 65 кв. 208, Херсон, 40133",+380 45 784-50-20,danylo85@example.net
Швачка,Лариса,Вікторівна,Ж,1993-01-24,Водій,хутір Сновськ,"узвіз Віталія Нестеренка, буд. 744, Вишгород, 34150",+380 (03) 465-26-64,amaliia48@example.net
Гресь,Марʼяна,Андріївна,Ж,1946-08-28,Хореограф,село Балаклія,"вулиця Лиманчик 2-й Лінія 5-та, буд. 768 кв. 123, Моршин, 52582",+380 83 820-12-21,anzhelaabramenko@example.net
Яценко,Анжела,Григорівна,Ж,1973-10-03,Мірошник,село Умань,"площа Дачна, буд. 55 кв. 5, Ромни, 59775",005 366-35-43,kyrylo84@example.net
Гаврилів,Зиновій,Тарасович,Ч,1985-08-27,Електромонтажник,хутір Селидове,"проспект Нечипуренка, буд. 03, Скалат, 32542",+380 30 698-58-34,orysiaivashchenko@example.org
Гаврилюк,Роксолана,Тарасівна,Ж,1987-12-06,Редактор,селище Заводське,"шосе Князя Володимира Великого , буд. 738, Старий Крим, 35787",+380 41 324 94 91,terezagalagan@example.org
Іващенко,Леонтій,Максимович,Ч,1962-12-19,Актор,хутір Вовчанськ,"площа Травневий 2-й, буд. 6, Семенівка, 94140",054 41 42,varvara21@example.org
Слюсар,Мілена,Іванівна,Ж,2006-11-17,Астроном,селище Чорнобиль,"проспект Георгія Липського, буд. 30, Вишгород, 93836",+380 (16) 332-87-52,venedyktdanylchuk@example.net
Андрійчук,Богданна,Андріївна,Ж,1975-05-01,Археолог,село Васильків,"провулок Флотська, буд. 85, Мар'їнка, 36226",+380 19 734-58-77,levkoshyian@example.com
Дахно,Ярослав,Богданович,Ч,1947-10-25,Продюсер,селище Ічня,"сквер Амбулаторна, буд. 3, Моршин, 95710",040 348-14-50,ostap10@example.com
Кармалюк,Едита,Вікторівна,Ж,1996-10-06,Фізик,селище Берестечко,"набережна Щоголєва, буд. 0, Галич, 20548",+380 (49) 387-53-10,ustym86@example.net
Піддубна,Данна,Максимівна,Ж,1981-04-12,Менеджер,селище Броди,"площа Бреуса Якова, буд. 2 кв. 544, Гадяч, 88266",076 242-96-47,chekaliukroman@example.org
Андрусенко,Пріска,Олександрівна,Ж,1980-05-12,Палеонтолог,селище Бобровиця,"вулиця Чорноморський 13-й, буд. 2 кв. 08, Біла Церква, 02412",994 23 22,khudobiakdavyd@example.org
Лагода,Дмитро,Васильович,Ч,1988-03-11,Сантехнік,місто Лиман,"парк Генерала Алмазова, буд. 6, Нове Давидково, 31477",763 61 73,mykhailyna82@example.com
Вівчаренко,Алевтин,Петрович,Ч,1984-07-15,Хімік,місто Євпаторія,"провулок Путівна, буд. 192, Ізяслав, 32507",+380 (74) 509-77-73,nlytvynenko@example.org
Андрощук,Леон,Васильович,Ч,2010-08-21,Географ,хутір Каховка,"вулиця Віктора Скаржинського узвіз, буд. 5, Галич, 49862",+380 49 230-19-94,pprytula@example.net
Пустовіт,Юстина,Іванівна,Ж,1956-09-24,Музичний редактор,село Боково-Хрустальне,"площа Латвійський узвіз, буд. 47 кв. 6, Чугуїв, 49774",045 694-55-57,svitlana46@example.com
Бабак,Антон,Олегович,Ч,1959-05-19,Клоун,село Березне,"набережна Колонічна, буд. 41 кв. 30, Хмельницький, 68398",062 982-40-34,danyliukmilena@example.net
Черінько,Єфрем,Максимович,Ч,1953-08-02,Детектив,селище Балта,"вулиця Лазурний 2-й, буд. 2 кв. 3, Тульчин, 07377",995 15 06,karpenkosviatoslav@example.com
Баранець,Аліна,Дмитрівна,Ж,1963-09-28,Петрограф,село Сновськ,"провулок Докова, буд. 012, Новий Буг, 28505",396-12-65,sirkopylyp@example.com
Тичина,Григорій,Тарасович,Ч,1983-02-20,Математик,селище Баштанка,"набережна Байдарочний, буд. 644, Миколаївка, 47571",051 612-64-20,iustym74@example.com
Жарко,Олена,Юріївна,Ж,1993-06-17,Гицель,місто Коростишів,"провулок Лінія 31-ша, буд. 912 кв. 567, Самбір, 80892",474 88 86,mholyk@example.com
Бабʼяк,Прохір,Іванович,Ч,1974-11-05,Гицель,хутір Хорол,"шосе Аеропортівський 3-й, буд. 63 кв. 4, Кам'янка-Дніпровська, 99261",+380 (97) 309-69-81,haidabohdan@example.org
Єрченко,Амвросій,Олександрович,Ч,1978-08-05,Соціолог,хутір Кам'янка (Черкаська область),"узвіз Улицька, буд. 87 кв. 2, Вижниця, 24586",+380 62 177-95-01,halyna22@example.org
Стельмах,Варвара,Миколаївна,Ж,1966-01-15,Няня,село Кам'янка (Черкаська область),"провулок Верф’яний, буд. 683, Ворожба, 22412",+380 56 442-38-16,arsenlytvynenko@example.org
Гречко,Ярина,Ігорівна,Ж,2010-10-30,Прокурор,село Зборів,"площа Пассіонарії, буд. 2, Чуднів, 87552",885 57 52,zchupryna@example.com
Гузій,Пилип,Васильович,Ч,1954-11-09,Золотар,село Ромни,"шосе Сергія Параджанова, буд. 8 кв. 15, Снятин, 74360",009 370-55-98,bevzenkopanas@example.net
Вишиваний,Євген,Іванович,Ч,2005-10-19,Журналіст,селище Тячів,"проспект Лінія 27-ма, буд. 69 кв. 8, Горохів, 63019",072 116 71 21,ihor30@example.com
Ляшко,Софія,Василівна,Ж,1967-10-27,Музикознавець,місто Винники,"площа Сім'ї Глодан, буд. 910, Бар, 57869",+380 (10) 099-54-67,jsimashkevych@example.com
Непорожній,Клавдія,Тарасівна,Ж,1964-10-05,Няня,хутір Южне,"провулок Заводська, буд. 4, Волочиськ, 61689",+380 (00) 403-54-66,vasylkabanenko@example.org
Примаченко,Сергій,Григорович,Ч,1959-10-08,Детектив,селище Дебальцеве,"вулиця Преображенська, буд. 49, Дебальцеве, 13714",810 80 20,martynbandera@example.com
Твердохліб,Олекса,Сергійович,Ч,1977-01-01,Епідеміолог,хутір Липовець,"провулок Дельфін, буд. 79 кв. 57, Городок, 67066",+380 36 415-41-37,qtychyna@example.org
Іщенко,Аніта,Олегівна,Ж,1946-01-20,Підприємець,місто Калинівка,"площа Вільгельма Габсбурга, буд. 505, Золоте, 70462",110 77 27,davydsliusar@example.net
Заруба,Ліза,Тарасівна,Ж,1975-07-30,Каскадер,хутір Рівне,"шосе Музична, буд. 51, Баштанка, 98615",354 94 39,riaboshapkaoleksa@example.com
Ґжицький,Борислав,Васильович,Ч,1990-06-05,Письменник,селище Теплодар,"проспект Лазурний 4-й, буд. 0 кв. 136, Здолбунів, 61908",263 39 67,stusvenedykt@example.net
Івасюк,Остап,Олександрович,Ч,1991-08-30,Електрик,село Енергодар,"шосе Відважних, буд. 230 кв. 24, Балта, 38142",070 130-31-50,orestudovychenko@example.com
Гайворонська,Марина,Степанівна,Ж,1962-04-16,Підприємець,хутір Кобеляки,"шосе Трибуни героїв, буд. 877 кв. 23, Золоте, 45006",214-56-48,ishchakmarusia@example.org
Супруненко,Ярина,Олегівна,Ж,1986-11-29,Математик,село Амвросіївка,"парк Восьмого березня 3-й, буд. 507, Охтирка, 56127",+380 32 968-92-02,qzatovkaniuk@example.com
Аврамчук,Владислав,Григорович,Ч,1981-12-14,Перекладач,хутір Старий Самбір,"вулиця Лузанівка, буд. 55, Чигирин, 01389",+380 43 088 35 96,viacheslavkhrystenko@example.com
Бабій,Альберт,Леонідович,Ч,1995-11-18,Редактор,селище Бунге,"проспект Депутатський, буд. 417 кв. 78, Погребище, 63576",+380 52 471-46-35,andriienkomykolai@example.org
Олійник,Геннадій,Степанович,Ч,1986-01-16,Мовознавець,хутір Чернігів,"парк Травневий 3-й, буд. 315 кв. 3, Армянськ, 07775",713 94 44,mmamchur@example.org
Редько,Марина,Тарасівна,Ж,1978-01-29,Мірошник,село Біляївка,"узвіз Госпітальєрів, буд. 44, Малин, 63425",+380 14 022-55-25,qhrytsenko@example.net
Колісниченко,Сніжана,Степанівна,Ж,1963-10-03,Провізор,село Калуш,"узвіз Газовий, буд. 3, Костянтинівка, 96471",466 66 55,albinaliashko@example.net
Даниленко,Онисим,Іванович,Ч,1974-10-23,Складальник,село Приморськ,"парк Велика Садова, буд. 048, Трускавець, 46907",617 30 06,dzhuniryna@example.net
Алексійчук,Охрім,Леонідович,Ч,1976-01-09,Геолог,село Волочиськ,"вулиця Лінія 41-ша, буд. 5, Армянськ, 18932",+380 03 873-22-08,pshvedchenko@example.net
Тичина,Богдан,Вікторович,Ч,1948-07-24,Будник,селище Калуш,"набережна Панаса Мирного, буд. 414 кв. 99, Миколаївка, 28202",195-74-12,poltavetsparmen@example.com
Артим,Олесь,Ігорович,Ч,2000-02-29,Правник,селище Бучач,"провулок Михайла Врубеля, буд. 2, Іловайськ, 57967",088 474-24-49,vladyslavvakulenko@example.net
Охримович,Клавдія,Іванівна,Ж,1966-12-17,Хореограф,село Волноваха,"вулиця Карпатська, буд. 56 кв. 92, Довжанськ, 53105",096 458 50 92,opanas33@example.org
Вобла,Лілія,Олександрівна,Ж,1990-03-10,Графік,село Дубляни,"площа Жоліо-Кюрі, буд. 2 кв. 169, Дубровиця, 28013",+380 68 175 76 54,olhariabovil@example.net
Гупало,Емілія,Іванівна,Ж,1987-09-02,Головний меркшейдер,місто Феодосія,"шосе Ігоря Бедзая, буд. 7 кв. 683, Чуднів, 01023",026 289 86 55,iushchenkoiryna@example.com
Єфименко,Ярослава,Олегівна,Ж,2004-11-30,Круп'є,село Чистякове,"узвіз Георгія Липського, буд. 062 кв. 25, Миргород, 01694",+380 58 921-98-41,lizadakhno@example.com
Яремко,Олександр,Андрійович,Ч,1978-06-16,Філолог,селище Одеса,"вулиця Дальницьке, буд. 25 кв. 285, Комарно, 78572",+380 59 288 18 85,havryletskamilla@example.net
Ісаєнко,Мілена,Тарасівна,Ж,1997-02-25,Музичний редактор,місто Гірське,"вулиця 4-та Лінія Марії Демченко, буд. 136, Радехів, 99417",098 994-92-65,emiliiaolifirenko@example.org
Дергач,Сергій,Іванович,Ч,1967-09-21,Менеджер,хутір Лутугине,"вулиця Північний, буд. 212 кв. 5, Старий Самбір, 94679",+380 78 902 80 99,avreliigzhytskyi@example.net
Шеремет,Хома,Вікторович,Ч,1976-06-29,Перекладач,місто Євпаторія,"набережна Італійський, буд. 954, Городенка, 45912",+380 27 134-06-22,everhun@example.com
Лубенець,Олекса,Миколайович,Ч,1981-07-09,Фармацевт,селище Ворожба,"узвіз Планетна, буд. 6 кв. 631, Стебник, 53193",012 033 98 45,vasylenkosnizhana@example.net
Лукаш,Марина,Петрівна,Ж,2002-04-03,Конструктор,хутір Остер,"набережна Томатна, буд. 8 кв. 579, Коростишів, 92273",004 763-59-30,eduarddubenko@example.net
Вітрук,Василина,Василівна,Ж,1964-05-17,Художник,місто Володимир-Волинський,"провулок 3-тя Лінія 4-ї ст. Люстдорфської дороги, буд. 716 кв. 0, Рогатин, 88963",+380 62 981-41-39,hordii78@example.net
Ґерус,Софія,Іванівна,Ж,2009-05-10,Мірошник,хутір Довжанськ,"проспект Лютеранський, буд. 275, Українськ, 01422",046 488 37 61,mykyta83@example.com
Скопенко,Ростислав,Леонідович,Ч,2004-08-25,Стоматолог,місто Липовець,"площа Добровольців, буд. 267 кв. 273, Бершадь, 05152",083 486-59-06,cbatiuk@example.com
Прокопович,Ірина,Юріївна,Ж,1981-05-30,Антрополог,село Алушта,"парк Прибережний, буд. 0, Южноукраїнськ, 32372",+380 46 396-69-13,martaiakymenko@example.org
Зінчук,Аніта,Олександрівна,Ж,1973-08-15,Доцент,село Герца,"площа Академіка Липського, буд. 662 кв. 552, Баранівка, 67227",+380 33 711-73-34,ieshchenkoonysym@example.org
Овчаренко,Леонід,Євгенович,Ч,1994-10-03,Дипломат,село Нетішин,"шосе Кладовищенська, буд. 368 кв. 4, Гнівань, 85103",+380 20 402-75-59,romanenkosnizhana@example.org
Худобʼяк,Лесь,Євгенович,Ч,1968-09-05,Гірничий інженер,село Вільногірськ,"набережна Ігоря Балмагії, буд. 89 кв. 93, Красилів, 16750",276 56 25,banderaievhen@example.org
Баштан,Гліб,Васильович,Ч,1986-01-11,Архітектор,хутір Долина,"вулиця Байдарочний, буд. 4 кв. 743, Андрушівка, 96042",+380 57 959 05 21,orkhyp95@example.com
Нестеренко,Володимир,Максимович,Ч,1975-09-03,Лікар,хутір Донецьк,"вулиця Балтський 5-й, буд. 98, Вознесенівка, 88493",+380 29 729 53 70,heorhiivlasenko@example.net
Колодуб,Едита,Іванівна,Ж,2003-01-27,Юрист,село Новий Калинів,"парк Морська, буд. 8 кв. 91, Южне, 87190",+380 05 154 72 14,tereshchenkoruslan@example.net
Дзиндра,Тереза,Олегівна,Ж,2006-06-01,Кухар,село Виноградів,"парк Деревообробний 3-й, буд. 590 кв. 1, Тростянець, 55765",+380 98 741 13 99,martyn85@example.org
Цибуленко,Остап,Степанович,Ч,1974-07-20,Географ,місто Кремінна,"парк Літній, буд. 3 кв. 357, Луцьк, 91386",+380 (69) 080-22-48,arsenshcherbak@example.org
Гаврилець,Людмила,Іванівна,Ж,1983-01-23,Модель,місто Тульчин,"провулок Байгородський, буд. 32, Богуслав, 05135",+380 54 126 61 49,dvakulenko@example.com
Христич,Григорій,Олегович,Ч,2005-10-20,Менеджер,селище Саки,"набережна Астрономічний, буд. 4 кв. 218, Новояворівськ, 34930",+380 58 219-57-51,ibezditko@example.com
Яремко,Юстим,Вікторович,Ч,1949-12-26,Ґрунтознавець,місто Гірське,"проспект Текстильників, буд. 24 кв. 2, Генічеськ, 59078",376-74-69,vitalii34@example.net
Оберемко,Лілія,Дмитрівна,Ж,1991-04-09,Перекладач,місто Прилуки,"вулиця Лігінська, буд. 99 кв. 990, Устилуг, 29759",039 693 22 81,wsirobaba@example.net
Гунько,Арсен,Васильович,Ч,2002-04-30,Кінорежисер,місто Тячів,"вулиця Восьмого березня 6-й, буд. 73, Біла Церква, 63371",+380 38 042 95 51,pylyp61@example.com
Іваненко,Віра,Максимівна,Ж,1952-06-27,Кіноактор,місто Вугледар,"проспект Преображенська, буд. 636 кв. 6, Мерефа, 66868",099 431 55 42,spaskarpenko@example.org
Ємельяненко,Еріка,Петрівна,Ж,1997-04-16,Фармацевт,місто Білгород-Дністровський,"узвіз Зоопаркова, буд. 4, Українка, 42152",+380 61 609-04-38,panteleimonkorsun@example.net
Лавренко,Златослава,Олегівна,Ж,1990-03-11,Намотувальник,село Семенівка,"набережна Соляний 5-й, буд. 0 кв. 63, Глухів, 94485",064 064 05 97,zandriievych@example.com
Башполченко,Пріска,Олександрівна,Ж,1965-04-17,Скульптор,хутір Андрушівка,"проспект Долинська, буд. 496, Соснівка, 31924",995-87-39,aprotsenko@example.com
Байда,Мілена,Максимівна,Ж,2005-02-17,Геолог,село Монастирище,"узвіз Пантелеймонівська, буд. 815 кв. 1, Копичинці, 64016",036 936-98-88,liza87@example.net
Бабенко,Оксана,Тарасівна,Ж,1977-05-10,Гицель,місто Болехів,"парк Академіка Філатова, буд. 749, Стрий, 08535",062 631-72-01,viktoriiarak@example.net
Гуцуляк,Вікторія,Василівна,Ж,1974-08-31,Музикознавець,хутір Кременчук,"провулок Олександра Болдирєва, буд. 523 кв. 50, Новгород-Сіверський, 60959",779-26-09,priskaiakovenko@example.org
Адамчук,Анастасія,Тарасівна,Ж,1974-03-01,Палеонтолог,хутір Іловайськ,"узвіз Павла Шклярука, буд. 7 кв. 196, Вишневе, 59162",+380 95 939-86-00,avreliibezborodko@example.net
Дубина,Святослава,Тарасівна,Ж,1955-07-15,Різноробочий,селище Кам'янка (Черкаська область),"парк Травневий 1-й, буд. 0 кв. 8, Комарно, 39658",007 487 14 12,volodymyr17@example.com
Базавлученко,Леон,Дмитрович,Ч,1951-12-11,Електромонтер,місто Верхньодніпровськ,"площа 17-та Лінія 6-й ст. Люстдорфської дороги, буд. 6 кв. 241, Мелітополь, 53234",+380 65 814 09 50,okseniia96@example.org
Михалюк,Розалія,Олегівна,Ж,1996-12-22,Бібліограф,хутір Скалат,"площа Косовська, буд. 5, Бар, 62990",+380 25 271 44 74,sofiiabaranets@example.org
Щириця,Руслан,Васильович,Ч,1983-06-18,Гінеколог,село Молочанськ,"провулок Товарний, буд. 066, Перечин, 44659",+380 69 573-73-57,feofanverhun@example.org
Гоголь-Яновський,Іван,Олегович,Ч,1974-11-05,Єгер,село Болград,"сквер Морський 2-й, буд. 06, Решетилівка, 64837",026 06 51,qsirchenko@example.org
Жученко,Аврелій,Романович,Ч,1992-02-26,Ґрунтознавець,село Тетіїв,"набережна 11-ша Лінія 6-й ст. Люстдорфської дороги, буд. 912 кв. 122, Білозерське, 56847",+380 80 631-51-47,ivanlytvyn@example.com
Устенко,Данило,Андрійович,Ч,1962-09-23,Бібліограф,селище Городенка,"набережна Подільська, буд. 235, Сквира, 10406",004-91-39,roksolana10@example.net
Бабко,Ольга,Богданівна,Ж,1965-05-16,Письменник,хутір Черкаси,"узвіз Кодимський, буд. 88 кв. 8, Люботин, 10357",255-16-98,solomonandroshchuk@example.org
Чабан,Камілла,Степанівна,Ж,1973-05-18,Фольклорист,селище Куп'янськ,"шосе Кавказький, буд. 532, Шпола, 12976",119-67-96,boryslav73@example.org
Оробець,Святослава,Юріївна,Ж,1985-10-25,Кінорежисер,місто Українськ,"провулок Офіцерський 2-й, буд. 8, Хирів, 27819",+380 84 634-01-80,babiakleontii@example.org
Батюк,Єва,Євгенівна,Ж,1963-04-07,Кіноактор,місто Нова Каховка,"узвіз Обільний 2-й, буд. 92 кв. 2, Шахтарське, 28568",+380 27 860-86-72,iaroslav36@example.net
Вдовиченко,Аврелій,Сергійович,Ч,1964-05-05,Актор,хутір Хрустальний,"провулок Юрія Асєєва, буд. 07 кв. 03, Скадовськ, 31550",029 597 95 54,liliia82@example.com
Титаренко,Азар,Ігорович,Ч,1954-10-03,Архітектор,селище Прип'ять,"узвіз Нечипуренка, буд. 868 кв. 9, Дубно, 52352",088 117 23 26,halyna35@example.com
Товстуха,Зиновій,Васильович,Ч,1999-02-21,Кіноактор,селище Устилуг,"шосе Балківська, буд. 02, Комарно, 10102",094 870 34 82,hrechkoalla@example.com
Доценко,Орест,Богданович,Ч,1962-03-04,Сантехнік,хутір Бориспіль,"парк Поліська, буд. 619 кв. 9, Радомишль, 08267",+380 00 343-43-85,bpryimak@example.net
Парасюк,Єва,Іванівна,Ж,1989-05-01,Мірошник,село Буринь,"сквер Івана Вазова, буд. 3 кв. 00, Шахтарське, 53089",005 321 74 51,filipenkoliza@example.com
Каденюк,Спас,Андрійович,Ч,2007-06-21,Єгер,місто Бучач,"проспект Горбиста, буд. 53, Калинівка, 89493",+380 25 145-71-15,ilienkoliza@example.org
Лагода,Орест,Тарасович,Ч,2007-03-10,Промисловець,хутір Татарбунари,"узвіз Лінія 23-тя, буд. 5 кв. 053, Рахів, 21250",+380 16 626-26-24,ksomko@example.com
Кириленко,Златослава,Романівна,Ж,1956-02-05,Шериф,хутір Добромиль,"вулиця Лиманчик 2-й Лінія 5-та, буд. 25 кв. 3, Лебедин, 46715",438-65-92,iryna49@example.net
Лесик,Богданна,Олександрівна,Ж,1967-04-17,Лікар,місто Євпаторія,"узвіз Кутова, буд. 278 кв. 2, Заставна, 36025",+380 37 298-55-30,mariana04@example.org
Стець,Нестор,Миколайович,Ч,1981-05-19,Електротехнік,селище Южноукраїнськ,"шосе Рівності, буд. 62, Гірник, 27204",+380 78 781-70-29,vitalii22@example.com
Овчаренко,Федір,Тарасович,Ч,1951-04-03,Візажист,селище Трускавець,"парк Василя Данилевича, буд. 79 кв. 06, Південне, 97567",281 96 08,dilchenko@example.org
Швайка,Лілія,Олегівна,Ж,2003-10-16,Літературознавець,місто Мар'їнка,"вулиця Юннатів, буд. 015, Луганськ, 47113",060 266-95-59,iaroslav24@example.org
Хомик,Віра,Петрівна,Ж,1973-11-08,М'ясник,місто Трускавець,"площа Творча, буд. 8, Устилуг, 46369",234-57-59,nestor94@example.com
Дашкевич,Амалія,Романівна,Ж,1959-06-08,Євнух,хутір Куп'янськ,"узвіз Зелена, буд. 05, Чигирин, 92014",+380 70 361 14 26,oazhazha@example.org
Фесенко,Ярослава,Іванівна,Ж,1958-09-19,Швачка,село Борщів,"набережна Ямчитського, буд. 59 кв. 558, Збараж, 17053",+380 20 156 30 03,dmytrohohol-ianovska@example.org
Бандура,Орися,Вікторівна,Ж,2008-08-15,Ґрунтознавець,селище Дубляни,"шосе Лиманчик 2-й Лінія 8-ма, буд. 89, Петрово-Красносілля, 95727",380-17-63,bevzazar@example.net
Канівець,Софія,Богданівна,Ж,1994-01-03,Каскадер,селище Надвірна,"набережна Сонячна, буд. 3, Старий Крим, 69298",494-78-58,ubaranets@example.org
Овсієнко,Олена,Іванівна,Ж,1967-05-28,Паблік рилейшнз,селище Ананьїв,"сквер Садова 4-та, буд. 867, Бурштин, 24609",543-41-30,solomiia46@example.org
Андрейко,Юхим,Романович,Ч,1997-02-17,Фрілансер,селище Стебник,"проспект Балтиморська, буд. 096, Перещепине, 58691",028 77 21,batiuknataliia@example.org
Ющенко,Давид,Юрійович,Ч,2004-09-28,Кінолог,хутір Луцьк,"площа Пiвденний, буд. 01 кв. 253, Зеленодольськ, 75552",869-35-52,revabohuslav@example.com
Шаблій,Богуслава,Сергіївна,Ж,1964-05-28,Флорист,село Кам'янка-Дніпровська,"набережна Лінія 30-та, буд. 93 кв. 25, Білгород-Дністровський, 98592",775 03 28,mykhailozhurba@example.com
Макаренко,Вікторія,Тарасівна,Ж,1988-09-16,Секретар,селище Баштанка,"вулиця Зарічна, буд. 678 кв. 58, Сколе, 32339",+380 41 297 24 80,viacheslavrubets@example.org
Джунь,Веніямин,Сергійович,Ч,1994-05-29,Реабілітолог,місто Попасна,"вулиця Хлібна гавань, буд. 0, Олешки, 70581",082 565 03 85,alevtyn41@example.org
Титаренко,Алла,Тарасівна,Ж,1976-10-09,Електромонтажник,хутір Добромиль,"узвіз Кощового отамана, буд. 18, Армянськ, 40478",853 04 11,tarasenkomarusia@example.net
Христенко,Руслан,Вікторович,Ч,1947-05-08,Ді-джей,місто Горлівка,"проспект Житомирська, буд. 75 кв. 5, Бершадь, 49222",+380 24 521 10 85,dshvedchenko@example.com
Колісниченко,Олесь,Романович,Ч,1946-03-31,Петрограф,село Городище,"проспект Дружний, буд. 63, Люботин, 94381",068 079 94 95,spas63@example.org
Христенко,Давид,Степанович,Ч,1970-11-02,Випробувач,місто Біла Церква,"провулок Давида Бурлюка, буд. 2 кв. 153, Макіївка, 75139",039 159 77 28,zynovii33@example.net
Дрозд,Пріска,Григорівна,Ж,1955-06-12,Програміст,місто Коростишів,"проспект Кримська, буд. 066, Сімферополь, 17928",+380 96 193-07-15,baranykustym@example.org
Теліженко,Кирило,Юрійович,Ч,2006-11-24,Юрист,селище Заводське,"проспект Петра Болбочана, буд. 523, Вознесенівка, 41850",042 494 28 89,rozaliia51@example.org
Андрейко,Пріска,Олександрівна,Ж,1965-12-11,Водій,місто Новий Розділ,"шосе Івана Франка, буд. 69 кв. 230, Жовті Води, 32219",+380 38 526 28 96,chavryliuk@example.net
Зінчук,Вадим,Олегович,Ч,1984-04-27,Водій,село Вуглегірськ,"проспект 3-тя Лінія 6-й ст. Люстдорфської дороги, буд. 669, Здолбунів, 80001",+380 38 056 47 07,fdrobakha@example.org
Сацюк,Борис,Максимович,Ч,1997-08-16,Єгер,селище Вільногірськ,"набережна Бориса Едуардса, буд. 001, Бережани, 95350",087 234-25-54,sheremetliza@example.org
Твердохліб,Марія,Вікторівна,Ж,2005-03-18,Музичний редактор,село Знам'янка,"вулиця Слави, буд. 881 кв. 36, Рені, 10104",+380 61 985-63-98,pturkalo@example.org
Шеремет,Дмитро,Андрійович,Ч,1998-06-02,Адвокат,селище Прилуки,"проспект Лиманчик 2-й Лінія 3-тя, буд. 923, Євпаторія, 02361",084 749-42-89,viktor11@example.com
Василашко,Святослава,Степанівна,Ж,1994-12-23,Біолог,село Бердянськ,"вулиця Партизанська, буд. 781, Молочанськ, 50241",021 195-05-10,allaiefymenko@example.com
Воблий,Яків,Миколайович,Ч,1999-11-04,Намотувальник,хутір Сколе,"площа Космонавтів, буд. 951 кв. 87, Сторожинець, 12034",064 49 13,panteleimon23@example.org
Ісаєнко,Камілла,Миколаївна,Ж,2010-03-09,Дантист,село Буринь,"площа Туристська, буд. 958, Вільнянськ, 52439",870-64-33,alevchenko@example.com
Асаула,Демʼян,Ігорович,Ч,1959-11-17,Парфюмер,селище Самар,"сквер Восьмого Березня Лінія 1-ша, буд. 61, Родинське, 62431",012 457 36 61,martyndzhus@example.org
Журба,Мілена,Степанівна,Ж,2003-05-18,Намотувальник,селище Хрестівка,"сквер Проектна 1-ша, буд. 97, Апостолове, 48727",867-71-47,zharkohordii@example.com
Атрощенко,Ганна,Сергіївна,Ж,1995-10-08,Інженер,місто Зміїв,"набережна Дача Ковалевського, буд. 018 кв. 1, Антрацит, 87570",+380 67 365 90 60,eshyian@example.com
Андрійович,Наталія,Степанівна,Ж,1970-04-11,Археолог,місто Рубіжне,"площа Заводська 1-ша, буд. 1 кв. 00, Берегове, 45674",+380 (02) 829-39-87,volodymyra16@example.net
Аронець,Розалія,Андріївна,Ж,1975-09-05,Юрист,селище Сімферополь,"вулиця Радіальний, буд. 55, Канів, 97367",+380 (50) 208-93-18,hennadiihrytsenko@example.org
Усик,Венедикт,Васильович,Ч,2001-06-24,М'ясник,село Токмак,"сквер Липнева, буд. 89, Підгайці, 90465",+380 95 902-26-44,marusia25@example.org
Демиденко,Ірена,Юріївна,Ж,2002-07-21,Астронавт,село Новгород-Сіверський,"узвіз 2-га Лінія 4-ї ст. Люстдорфської дороги, буд. 829, Вилкове, 76272",053 457 80 84,iaroslavabhydenko@example.org
Валенко,Антон,Миколайович,Ч,1954-11-01,Психолог,селище Баштанка,"парк Романтичний, буд. 406, Новгород-Сіверський, 25535",+380 (56) 323-54-33,shapovalvenedykt@example.org
Єрмоленко,Богуслава,Степанівна,Ж,1984-07-23,Мікробіолог,село Глухів,"площа Лиманна, буд. 72 кв. 6, Дубровиця, 04813",027 287 76 84,omelianpavlychenko@example.net
Джус,Юстина,Петрівна,Ж,1981-07-01,Професор,місто Армянськ,"узвіз Круговий, буд. 63, Умань, 92209",+380 74 706-29-74,volodymyra42@example.net
Лагода,Аліна,Василівна,Ж,1994-10-12,Мовознавець,селище Кагарлик,"проспект Обсерваторний, буд. 9, Арциз, 82499",115 84 83,valentynnestaiko@example.com
Сімашкевич,Богданна,Олегівна,Ж,1995-04-15,Детектив,селище Курахове,"вулиця Пироговська, буд. 2 кв. 262, Умань, 17863",+380 (55) 526-18-09,artematroshchenko@example.org
Приходько,Захар,Ігорович,Ч,1955-10-18,Каскадер,місто Могилів-Подільський,"провулок Школярський, буд. 3 кв. 29, Кіцмань, 26533",798-66-66,ihormatviienko@example.com
Щербак,Валентина,Григорівна,Ж,1958-08-17,Кушнір,хутір Олександрівськ,"шосе Володимира Терещенка, буд. 30, Мирноград, 82216",052 954 84 58,ostap88@example.net
Перебийніс,Олекса,Романович,Ч,1955-07-11,Бухгалтер,хутір Моршин,"сквер Луцька, буд. 33, Харцизьк, 36056",+380 (00) 904-69-37,ihnatoberemko@example.com
Онуфрієнко,Орест,Іванович,Ч,1950-03-01,Фармацевт,місто Вугледар,"провулок Вітчизняна, буд. 74, Алчевськ, 25090",590 92 57,hanna41@example.com
Супруненко,Василина,Юріївна,Ж,1970-08-25,Детектив,селище Полтава,"сквер Іванова Ігоря, буд. 628 кв. 778, Алупка, 98447",+380 62 689 00 04,demydviter@example.org
Дзиндра,Орина,Богданівна,Ж,1966-06-20,Кінокритик,місто Фастів,"набережна Кощового отамана, буд. 690, Валки, 75366",+380 93 875-77-17,ada50@example.org
Шаблій,Лукʼян,Олександрович,Ч,1956-02-04,Локсмайстер,хутір Путивль,"набережна Будівельна, буд. 33 кв. 25, Алмазна, 29191",+380 14 012-65-20,sahaldmytro@example.com
Товстоліс,Федір,Леонідович,Ч,1970-09-13,М'ясник,селище Молочанськ,"сквер Керченський 2-й, буд. 07 кв. 873, Ромни, 05796",072 086-25-90,shchorsirena@example.net
Арсенич,Георгій,Андрійович,Ч,1971-04-11,Зоолог,село Мостиська,"шосе Тещин міст, буд. 11, Черкаси, 26744",+380 24 021 20 19,bhavrysh@example.org
Ніколюк,Олекса,Богданович,Ч,1997-12-10,М'ясник,місто Щолкіне,"проспект Данила Самойловича, буд. 6 кв. 515, Суми, 91083",049 537 34 95,lieromenko@example.com
Тихий,Віталій,Юрійович,Ч,1948-03-04,Швачка,місто Радехів,"провулок Європейська, буд. 18 кв. 15, Радивилів, 07706",+380 23 977-27-37,mariiavalenko@example.com
Шовкопляс,Камілла,Юріївна,Ж,1946-08-08,Пекар,хутір Берестин,"парк Андрія Сови, буд. 1 кв. 02, Стрий, 44096",+380 (61) 101-15-47,bohodar65@example.com
Цимбал,Йосип,Сергійович,Ч,1997-10-10,Дизайнер,селище Батурин,"провулок Злакова, буд. 62, Буринь, 15510",+380 38 451 76 49,drozdokhrim@example.com
Гречко,Орина,Дмитрівна,Ж,1950-12-23,Графік,місто Черкаси,"сквер Караїмська, буд. 2, Костопіль, 24714",+380 43 224-05-72,semenbaturynets@example.net
Панчук,Демʼян,Іванович,Ч,1958-12-25,Клавішник,село Калуш,"площа Деревообробний 5-й, буд. 10 кв. 4, Пустомити, 34900",+380 (37) 632-65-23,sviatoslava13@example.net
Дерегус,Аарон,Петрович,Ч,2002-08-13,Літературознавець,хутір Вишневе,"провулок Балтський 3-й, буд. 307, Інкерман, 71174",011 933 57 72,iaremales@example.com
Журба,Ганна,Вікторівна,Ж,1985-02-24,Стоматолог,село Самбір,"проспект Волова, буд. 2, Феодосія, 64666",736-40-23,wdemianiuk@example.net
Годунок,Дарина,Дмитрівна,Ж,1946-07-31,Графік,село Балаклія,"набережна Косовська, буд. 262, Володимир-Волинський, 08169",+380 97 406 42 64,danyliukvolodymyr@example.net
Сич,Вікторія,Вікторівна,Ж,1988-04-07,Епідеміолог,селище Дружківка,"вулиця Шостої 2-й, буд. 10, Бучач, 14717",836 28 57,kpetliura@example.com
Яремчук,Мартин,Дмитрович,Ч,2007-09-04,Етнограф,місто Скадовськ,"площа Олександра Богомольця, буд. 108, Інкерман, 03122",260 54 18,ldubenko@example.net
Тихий,Гордій,Григорович,Ч,1964-01-04,Єгер,селище Павлоград,"узвіз Чубаївський, буд. 20, Чигирин, 71206",+380 04 640-99-68,tereshchenkoklyment@example.com
Павличенко,Едуард,Сергійович,Ч,2006-04-20,Патологоанатом,місто Благовіщенське,"провулок Кобзаря, буд. 2 кв. 91, Полтава, 99486",079 431-85-16,xivashchenko@example.net
Притула,Ліза,Тарасівна,Ж,1963-08-25,Художник,місто Борщів,"набережна Саймона Літмана, буд. 7, Херсон, 94880",036 787-97-66,savenkosofiia@example.net
Карась,Дарина,Григорівна,Ж,1972-10-24,Математик,місто Новоград-Волинський,"набережна Василя Кандинського 4-й, буд. 1, Нове Давидково, 73348",+380 (15) 357-24-92,nadiia96@example.com
Колодуб,Валентина,Степанівна,Ж,1985-09-26,Прокурор,хутір Докучаєвськ,"площа Морська, буд. 21, Радивилів, 04731",+380 15 543-10-53,myron74@example.net
Мазур,Франц,Олегович,Ч,1964-12-01,Державний службовець,хутір Балта,"парк Перша, буд. 691, Теребовля, 30427",+380 43 895-60-41,dkarpenko@example.com
Шаблій,Богдан,Олександрович,Ч,1985-10-26,М'ясник,село Білозерське,"парк Саксаганського, буд. 11 кв. 5, Камінь-Каширський, 44789",901 83 51,sbevz@example.com
Данько,Любов,Богданівна,Ж,1965-12-08,Електротехнік,хутір Пологи,"провулок Нафтовиків, буд. 307, Комарно, 50624",+380 (61) 784-85-89,protsenkobohdan@example.org
Їжак,Арсен,Дмитрович,Ч,2009-06-28,Стоматолог,село Гайворон,"узвіз Приморський, буд. 246 кв. 42, Ізмаїл, 05185",+380 (10) 950-53-52,marynalukash@example.com
Овчаренко,Маруся,Богданівна,Ж,2003-06-10,Кінокритик,селище Торецьк,"провулок Десята, буд. 666 кв. 293, Щастя, 71259",+380 21 544-46-47,spaszharko@example.org
Романчук,Онисим,Іванович,Ч,1961-02-08,Футболіст,село Судова Вишня,"узвіз Василя Кандинського 4-й, буд. 32 кв. 5, Вознесенівка, 23203",+380 09 906 05 23,bakumenkoiakiv@example.com
Ніколюк,Леон,Романович,Ч,2010-02-02,Фармацевт,село Канів,"шосе Волтона, буд. 72 кв. 175, Вашківці, 77250",+380 52 447-86-47,okseniia50@example.com
Закусило,Амалія,Леонідівна,Ж,1963-07-02,Клавішник,місто Канів,"сквер Опішнянський, буд. 60, Носівка, 42952",+380 61 523 34 19,drozdenkoazar@example.net
Кибкало,Ростислав,Тарасович,Ч,2007-08-07,Золотар,місто Слов'янськ,"набережна Сумський, буд. 206, Старобільськ, 35461",374 51 42,illia14@example.net
Червоненко,Григорій,Іванович,Ч,1967-04-27,Конструктор,місто Прип'ять,"сквер Килимова, буд. 03, Узин, 68457",+380 (96) 961-55-46,ishchakrozaliia@example.net
Дзиндра,Едита,Григорівна,Ж,2000-03-07,Диригент,хутір Люботин,"узвіз Басейний 4-й, буд. 2, Липовець, 27175",037 514 51 03,shvachkoklyment@example.com
Ярема,Макар,Григорович,Ч,2010-04-15,Випробувач,хутір Білгород-Дністровський,"провулок Кастуся Калиновського, буд. 402, Трускавець, 46574",+380 27 649-24-24,zakharpavlychenko@example.org
Ґалаґан,Віталій,Олегович,Ч,1958-12-23,Дизайнер,село Камінь-Каширський,"парк Косий, буд. 9 кв. 68, Чуднів, 55680",+380 29 383-04-37,pbazavluchenko@example.org
Гаврилишин,Сергій,Романович,Ч,1998-02-16,Художник,селище Сокологірськ,"узвіз Мацієвської узвіз, буд. 51 кв. 08, Чистякове, 90668",017 992-13-18,lzakharchenko@example.org
Ісаєнко,Вадим,Григорович,Ч,1965-05-01,Акушер,місто Миронівка,"сквер Молокова, буд. 742 кв. 178, Носівка, 23935",+380 89 358 62 18,dmytrorak@example.org
Приймак,Олесь,Вікторович,Ч,1963-11-07,Піаніст,селище Рудки,"сквер Ширяївський, буд. 58, Глобине, 28106",006 267-44-14,rozaliia23@example.com
Усик,Демʼян,Олегович,Ч,1953-02-14,Дипломат,місто Болград,"узвіз Діхтієвського Віктора, буд. 8, Кальміуське, 89862",022 338-32-20,valentynradchenko@example.com
Єрошенко,Веніямин,Євгенович,Ч,1953-01-28,Палеонтолог,селище Молочанськ,"парк Мерло, буд. 95, Берестин, 06542",+380 (62) 773-87-47,wshevchenko@example.org
Шеремета,Ілля,Романович,Ч,1958-06-09,Літературознавець,село Бережани,"сквер 11-ша Лінія 6-й ст. Люстдорфської дороги, буд. 2, Краматорськ, 16842",483-93-65,albina75@example.net
Кащенко,Соломон,Максимович,Ч,1964-12-15,Громадський діяч,село Хоростків,"вулиця Лінія 31-ша, буд. 35, Бердичів, 37686",035 079 66 92,orlyktetiana@example.net
Наливайко,Андрій,Леонідович,Ч,1988-08-23,Фермер,село Дніпро,"парк 14-та Лінія 6-й ст. Люстдорфської дороги, буд. 78, Черкаси, 63652",315 68 13,demianieromenko@example.net
Засенко,Хома,Васильович,Ч,1967-02-16,М'ясник,хутір Дергачі,"узвіз Павлова, буд. 3, Шостка, 29185",+380 76 399 96 91,mariia74@example.com
Забарний,Марко,Тарасович,Ч,2008-09-12,Музикант,селище Ржищів,"вулиця Андрія Сови, буд. 354, Вільнянськ, 39143",+380 66 046 88 54,lahodaveniiamyn@example.com
Іщенко,Богданна,Олександрівна,Ж,1973-05-22,Фармацевт,село Львів,"провулок Небесної Сотні, буд. 73, Нова Одеса, 97949",+380 27 148 55 12,sheremetalevko@example.net
Андрієвич,Єлисей,Олегович,Ч,2011-08-28,Правник,хутір Бережани,"шосе Діхтієвського Віктора, буд. 8 кв. 67, Калуш, 04789",+380 (54) 230-07-95,parmen96@example.net
Тарасенко,Марʼяна,Іванівна,Ж,1966-01-22,Математик,селище Кам'янське,"сквер Лїнія 1-ша, буд. 946, Свалява, 89611",+380 (13) 111-42-01,bakumenkoalla@example.net
Ковалюк,Дмитро,Олегович,Ч,1991-11-15,Композитор,село Івано-Франківськ,"набережна Андрія Музичка, буд. 58 кв. 083, Вашківці, 13749",081 324 53 50,iukhym46@example.net
Масляк,Варфоломій,Романович,Ч,1947-10-14,Будник,місто Щолкіне,"сквер Охтирський, буд. 454, Львів, 99694",098 482 97 84,olha08@example.net
Приходько,Борис,Іванович,Ч,1977-02-26,Електрик,село Новоукраїнка,"парк Вапняне селище, буд. 867, Горішні Плавні, 56254",+380 00 896-06-92,alytvynenko@example.org
Савенко,Панас,Леонідович,Ч,1977-02-02,Електрик,село Кальміуське,"вулиця Амбулаторний 2-й, буд. 84 кв. 185, Новий Розділ, 43807",926-65-28,nesterenkoolena@example.net
Бандера,Анастасія,Тарасівна,Ж,1976-05-13,Няня,хутір Тараща,"площа Кривобалківська, буд. 8 кв. 9, Белз, 89558",055 186-72-84,qkolodub@example.net
Редько,Остап,Степанович,Ч,1966-06-16,Євнух,місто Нове Давидково,"проспект Лютеранський, буд. 6 кв. 012, Охтирка, 30897",061 235 68 76,eduardvalenko@example.net
Олійник,Надія,Євгенівна,Ж,1979-07-26,Флорист,селище Очаків,"вулиця Василя Берладяну, буд. 39 кв. 323, Алмазна, 66499",026 041-41-74,vadymshukhevych@example.net
Нестеренко,Пилип,Романович,Ч,1979-02-08,Бібліограф,хутір Славутич,"шосе Дністровська, буд. 21 кв. 65, Лубни, 76426",500-15-69,haievskavarfolomii@example.org
Гуцуляк,Максим,Ігорович,Ч,1968-11-20,Фермер,місто Білопілля,"парк Перший Кришталевий, буд. 137 кв. 109, Хорол, 10856",500 15 98,paliizakhar@example.net
Ісаєвич,Златослава,Вікторівна,Ж,1974-05-01,Бібліотекар,селище Боярка,"парк Андрія Музичка, буд. 7 кв. 2, Рогатин, 93010",+380 96 955-09-63,panchukhavrylo@example.org
Чубай,Василь,Юрійович,Ч,1963-11-17,Хімік,селище Новий Буг,"набережна Володимира Хавкіна, буд. 6 кв. 126, Лисичанськ, 87834",+380 46 424-89-17,horobets@example.net
Малик,Валентин,Вікторович,Ч,2001-11-19,Соціолог,хутір Біляївка,"набережна Петра Лещенка, буд. 6 кв. 643, Шахтарське, 33717",007 222-78-87,anzheladanylenko@example.net
Якимчук,Орися,Олегівна,Ж,1985-07-21,Конструктор,місто Суми,"провулок Бодаревського, буд. 871, Андрушівка, 61393",+380 60 250-32-35,dneporozhnii@example.com
Товстуха,Йосип,Васильович,Ч,2007-05-02,Кінокритик,селище Лубни,"узвіз Вишневий, буд. 3, Луцьк, 49493",386 02 24,iakivarkhypenko@example.org
Жученко,Сніжана,Іванівна,Ж,2010-09-18,Кінорежисер,місто Вознесенівка,"набережна Могилівська, буд. 1 кв. 2, Хоростків, 21452",+380 57 631-69-13,vasylynafareniuk@example.org
Бевзенко,Симон,Євгенович,Ч,1971-01-01,Флорист,хутір Полтава,"парк Дачний, буд. 7, Деражня, 93200",+380 33 908-64-30,tkarmaliuk@example.org
Остапчук,Костянтин,Вікторович,Ч,1967-02-14,Біолог,хутір Алмазна,"проспект Старосінна, буд. 23 кв. 8, Старий Крим, 80358",088 981 54 92,artembandurka@example.org
Стець,Віктор,Вікторович,Ч,1974-12-04,Гірничий інженер,місто Іллінці,"проспект Пiвденний, буд. 33, Золочів, 94343",+380 (54) 800-62-66,bohuslavdrozdenko@example.com
Рева,Святослава,Євгенівна,Ж,1957-04-02,Антрополог,хутір Олешки,"площа Андросовський, буд. 5 кв. 66, Покров, 14421",001 822 15 12,gtaran@example.org
Яремчук,Вадим,Петрович,Ч,1956-05-02,Математик,хутір Сновськ,"сквер Черешнева, буд. 4, Токмак, 71911",658 79 57,irvanetsorysia@example.org
Баштан,Олег,Іванович,Ч,1955-07-23,Біолог,село Чортків,"провулок Трибуни героїв, буд. 2 кв. 17, Снятин, 32756",+380 18 968-03-89,nazar01@example.net
Власюк,Алевтин,Іванович,Ч,1951-08-05,Геофізик,хутір Федорівка,"набережна Садова 1-ша, буд. 11, Жовті Води, 02701",694-99-47,iukhymandriienko@example.net
Гавриленко,Ярослав,Григорович,Ч,1994-05-26,Педагог,селище Буча,"парк Волтона, буд. 0, Довжанськ, 17166",869-15-11,avashchenko@example.org
Свистун,Валерій,Миколайович,Ч,1956-05-09,Льотчик,селище Ланівці,"проспект Цегельнозаводська, буд. 1, Овруч, 15329",+380 (86) 081-42-67,bohodar43@example.net
Піддубний,Зорян,Григорович,Ч,1997-10-10,Кінокритик,хутір Білогірськ,"вулиця Монгольська, буд. 7 кв. 614, Рожище, 27100",+380 00 921 97 43,lkonoplia@example.com
Петренко,Мирон,Леонідович,Ч,1947-07-14,Патологоанатом,місто Гуляйполе,"узвіз Госпітальний, буд. 1 кв. 1, Кропивницький, 80177",+380 46 738-91-38,fbevz@example.com
Яковенко,Аніта,Петрівна,Ж,1956-01-29,Золотар,місто Богуслав,"набережна Василя Кандинського 2-й, буд. 166 кв. 20, Середина-Буда, 30225",219 82 41,ostapchukhavrylo@example.com
Гаврюшенко,Олександр,Олександрович,Ч,2011-12-24,Продюсер,хутір Радомишль,"набережна Скляний 1-й, буд. 72, Жданівка, 94627",059 422-49-43,kylymnykklyment@example.com
Андрієвич,Олександр,Ігорович,Ч,2006-03-20,Актор,хутір Жашків,"узвіз Тарутинська, буд. 915, Жашків, 53009",+380 (49) 131-88-05,holykruslan@example.org
Власенко,Остап,Миколайович,Ч,1955-09-04,Історик,селище Корсунь-Шевченківський,"вулиця Французький, буд. 9, Люботин, 43976",056 518-33-33,oleksandrdzhus@example.org
Чуйко,Лариса,Олегівна,Ж,1981-09-28,Клавішник,місто Баштанка,"провулок Світла, буд. 72, Соледар, 19425",+380 24 819-89-60,bohuslav44@example.net
Артеменко,Соломон,Тарасович,Ч,1990-08-01,Паралегал,хутір Умань,"сквер Левадна, буд. 72, Калуш, 14107",088 596 74 57,tierchenko@example.net
Штепа,Емілія,Леонідівна,Ж,1948-01-18,Науковець,місто Кальміуське,"сквер Північний, буд. 1, Яремче, 67924",460 58 30,corobets@example.net
Гаврилишин,Данна,Євгенівна,Ж,1976-03-15,Мовознавець,хутір Бахчисарай,"вулиця Онілової, буд. 78 кв. 1, Обухів, 20794",057 854-78-41,xchaban@example.org
Удовенко,Опанас,Іванович,Ч,1983-07-20,Живописець,місто Нове Давидково,"шосе Жоліо-Кюрі, буд. 21, Синельникове, 11030",+380 16 128-18-82,demydiurchyshyn@example.org
Зінкевич,Віолетта,Євгенівна,Ж,1987-06-07,Промисловець,селище Бар,"проспект Чернігівський, буд. 9 кв. 9, Белз, 85892",041 215 49 79,adamenkoiarema@example.org
Петрик,Теодор,Дмитрович,Ч,1998-10-12,Льотчик,селище Верхньодніпровськ,"провулок Кощового отамана, буд. 1 кв. 09, Горлівка, 69414",027 240-32-83,frantsiurchenko@example.com
Рубан,Григорій,Максимович,Ч,1959-02-23,Фармацевт,село Дубляни,"сквер Восьмого березня 1-й, буд. 8, Яготин, 81836",067 300-46-65,amaliia80@example.net
Алексійчук,Богдан,Васильович,Ч,1981-02-13,Кушнір,селище Жидачів,"провулок Героїв Зміїного, буд. 40, Роздільна, 87496",020 052 13 56,korpaniukboryslav@example.net
Сагаль,Богуслава,Євгенівна,Ж,1950-07-31,Етнограф,село Буринь,"сквер 10-та Лінія Марії Демченко, буд. 55 кв. 881, Броди, 49116",+380 (01) 509-26-65,vasylynatymchuk@example.com
Ярош,Орися,Ігорівна,Ж,1960-08-20,Музичний редактор,хутір Коломия,"площа Республіканська, буд. 17, Біляївка, 54198",+380 61 042 11 16,anzhelasirko@example.org
Корбут,Данило,Тарасович,Ч,1993-03-21,Астроном,місто Джанкой,"набережна Хаджибейський 2-й, буд. 329, Авдіївка, 32017",+380 37 407-26-87,anton93@example.com
Удовиченко,Єлисей,Сергійович,Ч,1955-12-28,Машиніст,селище Армянськ,"парк Лобачевського, буд. 94, Зміїв, 70392",038 340-06-90,venedykt03@example.org
Ящук,Вікторія,Степанівна,Ж,1967-03-02,Електрослюсар,селище Балаклія,"площа Балтський 3-й, буд. 7 кв. 03, Слов'янськ, 29190",+380 76 809 76 13,zhuravelbohuslava@example.net
Коваленко,Максим,Юрійович,Ч,2010-04-17,Лікар,село Лубни,"вулиця 3-тя Лінія 4-ї ст. Люстдорфської дороги, буд. 33, Угнів, 29673",+380 62 982-21-40,hohol-ianovskyizorian@example.com
Артим,Олександр,Петрович,Ч,2007-10-08,Мікробіолог,місто Апостолове,"набережна Садовий, буд. 6, Звенигородка, 54150",+380 91 289-96-16,valentyn34@example.org
Аврамчук,Камілла,Іванівна,Ж,1968-02-08,Психолог,село Фастів,"шосе Ромський, буд. 2, Борислав, 14586",108-83-81,ksvystun@example.org
Охримович,Демʼян,Тарасович,Ч,1956-09-18,Золотар,місто Очаків,"площа Безіменний, буд. 9 кв. 870, Звенигородка, 21291",042 729 31 98,ibarannyk@example.net
Акуленко,Борис,Вікторович,Ч,1952-11-23,Стоматолог,село Яготин,"шосе Лиманчик 2-й Лінія 8-ма, буд. 94 кв. 636, Боярка, 08105",+380 78 897-56-33,redkoviktor@example.com
Гаврилишина,Одарка,Ігорівна,Ж,1982-03-16,Ювелір,хутір Керч,"площа Івана Микитенка, буд. 038 кв. 10, Хмільник, 52123",995-34-91,amaliiamoskal@example.org
Рябець,Августин,Ігорович,Ч,1979-10-04,Співак,село Ямпіль,"набережна Орликова, буд. 483, Тячів, 73923",+380 75 142-03-49,amasokha@example.org
Гавришкевич,Костянтин,Дмитрович,Ч,1991-07-21,Краєзнавець,хутір Радивилів,"проспект Наявний 2-й, буд. 8, Ужгород, 65681",056 623-58-73,danylo15@example.com
Абраменко,Михайло,Леонідович,Ч,1984-01-19,Кухар,місто Лутугине,"площа Матроська Слободка , буд. 987 кв. 7, Баранівка, 04507",+380 30 058-66-11,iaroslav25@example.com
Зубко,Орина,Василівна,Ж,1954-04-21,Геофізик,хутір Нетішин,"сквер Жолкова Бориса, буд. 033 кв. 6, Торецьк, 55049",+380 32 074 53 71,npalii@example.org
Балабан,Веніямин,Ігорович,Ч,1947-11-14,Слідчий,хутір Сіверськ,"площа Пересипська 1-ша, буд. 09, Лебедин, 34022",+380 96 789 47 22,varvara02@example.org
Копитко,Василь,Тарасович,Ч,1977-09-12,Флорист,місто Чорнобиль,"вулиця Поперечний, буд. 206, Дружківка, 34094",054 477-61-86,tychynavalerii@example.net
Ткач,Юстим,Романович,Ч,2001-07-07,Живописець,селище Луцьк,"провулок Авіаційна, буд. 3 кв. 651, Севастополь, 71666",+380 56 826-68-41,emiliiaabrahamovskyi@example.net
Авдєєнко,Златослава,Романівна,Ж,1952-12-05,Журналіст,село Олевськ,"провулок Розкидайлівська, буд. 7 кв. 035, Вознесенівка, 01821",489-01-92,iustynadanko@example.com
Вишиваний,Богуслав,Сергійович,Ч,1978-12-09,Детектив,село Мукачево,"набережна Четверта, буд. 8, Шахтарськ, 89475",126 89 70,jaleksandrenko@example.net
Колесниченко,Юхим,Олександрович,Ч,1970-08-10,Гірничий інженер,село Білозерське,"узвіз Профспілкова, буд. 3 кв. 48, Новоград-Волинський, 31509",+380 77 020-49-34,nataliia11@example.org
Луценко,Віра,Василівна,Ж,1970-03-23,Доцент,село Нова Каховка,"вулиця Пастера, буд. 9, Березівка, 87396",+380 (88) 727-75-20,qtsiutsiura@example.com
Шморгун,Миколай,Юрійович,Ч,2001-01-15,Доцент,хутір Рівне,"шосе Путьова, буд. 30 кв. 74, Острог, 71189",+380 12 831-82-80,davydenkoprokhir@example.org
Рябовіл,Едуард,Васильович,Ч,1959-06-16,Фармацевт,місто Алупка,"парк Велика Арнаутська, буд. 81, Боярка, 12025",401 01 38,havrylonehoda@example.org
Малишко,Петро,Богданович,Ч,1975-09-24,Геолог,селище Вугледар,"площа Віталія Нестеренка, буд. 0, Старий Самбір, 27823",+380 46 874-43-28,avhustynvakulenko@example.net
Дергач,Єлисей,Дмитрович,Ч,2000-08-25,Професор,селище Вознесенівка,"шосе Обліпихова, буд. 98 кв. 084, Тлумач, 44178",072 520 61 80,bohuslavaaleksiuk@example.com
Ткаченко,Богуслав,Богданович,Ч,1951-07-05,Фармацевт,місто Київ,"провулок Заводська 2-га, буд. 5 кв. 696, Носівка, 03523",+380 89 565-54-33,filipenkozakhar@example.org
Бездітко,Феофан,Романович,Ч,1977-11-01,Лікар,селище Борзна,"сквер Долинська, буд. 983 кв. 700, Новоазовськ, 31473",+380 99 192 17 60,sviatoslava53@example.org
Рак,Камілла,Сергіївна,Ж,1958-07-16,Єгер,місто Бахчисарай,"проспект Сирітський, буд. 16 кв. 889, Яворів, 46449",075 181-08-43,venedykt57@example.com
Дробʼязко,Хома,Васильович,Ч,2010-09-27,Актор,село Гайсин,"проспект Степана Олійника узвіз, буд. 710, Шахтарськ, 69803",+380 38 884-79-28,khmarasolomon@example.net
Медведенко,Прохір,Миколайович,Ч,1975-11-15,Археолог,хутір Буча,"вулиця Лінійний, буд. 335 кв. 73, Радехів, 29712",064 709 99 54,ivanieremenko@example.org
Скорик,Єлисей,Максимович,Ч,1951-08-30,Електромонтажник,село Бунге,"набережна Садиковська, буд. 47, Теребовля, 51923",+380 85 279-90-00,semenisaievych@example.net
Литвин,Валерій,Петрович,Ч,1982-05-05,Дизайнер,хутір Ямпіль,"парк Виїзна, буд. 9, Славутич, 55949",+380 43 590-91-37,ihortsymbaliuk@example.com
Ажажа,Камілла,Юріївна,Ж,1998-06-15,Локсмайстер,селище Устилуг,"сквер Чернігівський, буд. 96, Кіцмань, 82793",953-16-12,varvara92@example.net
Матвієнко,Соломон,Романович,Ч,1950-09-04,Реставратор,місто Харцизьк,"набережна Асташкіна, буд. 41 кв. 08, Стрий, 42177",+380 63 336-22-76,roksolanaavdieienko@example.com
Гресь,Мілена,Максимівна,Ж,1998-11-10,Хореограф,селище Часів Яр,"шосе Цукровий, буд. 3 кв. 888, Здолбунів, 49001",+380 00 032 25 10,yvyshniak@example.com
Даценко,Юстим,Васильович,Ч,1952-03-25,Гінеколог,хутір Ізяслав,"провулок Ткачова, буд. 93 кв. 8, Люботин, 31311",833 20 86,unikoliuk@example.net
Сірченко,Василь,Максимович,Ч,1955-09-26,Науковець,місто Черкаси,"вулиця Лазурний 4-й, буд. 4 кв. 81, Бахмач, 22256",663-40-84,uaverchenko@example.net
Терещук,Христина,Романівна,Ж,1946-03-05,Хореограф,місто Самар,"парк Дальницька, буд. 55, Ізяслав, 86610",032 296-10-21,panas82@example.com
Барабаш,Едуард,Богданович,Ч,1964-03-02,Кіноактор,село Заводське,"шосе Манежний, буд. 3 кв. 81, Кремінна, 75283",000 765 48 15,jrudko@example.com
Макаренко,Устим,Петрович,Ч,1961-09-07,Економіст,село Винники,"провулок Цукровий, буд. 05, Сновськ, 74807",+380 (03) 794-55-12,ieroshenkoklyment@example.net
Романчук,Алла,Тарасівна,Ж,1969-11-02,Електрик,селище Верхівцеве,"узвіз Лінія 28-ма, буд. 94 кв. 473, Путивль, 07816",066 362 22 13,mverhun@example.com
Сиротенко,Спас,Вікторович,Ч,1958-04-19,Няня,хутір Старий Самбір,"вулиця Йосипа Фішера, буд. 51 кв. 1, Апостолове, 09083",508-72-19,boryslav60@example.net
Щербак,Соломія,Ігорівна,Ж,1952-11-15,Візажист,селище Валки,"узвіз Кільовий, буд. 55, Одеса, 18407",010 974-48-67,oleksa83@example.net
Лавренко,Гордій,Вікторович,Ч,2010-09-27,Кіноактор,селище Нове Давидково,"узвіз Миколи Огренича, буд. 02 кв. 103, Жашків, 86950",083 512 73 73,okseniia97@example.com
Баранець,Єфрем,Григорович,Ч,1949-11-05,Нотаріус,село Стрий,"сквер Ювілейний 2-й, буд. 99 кв. 16, Бучач, 41713",+380 41 281-58-73,arkhymovychbohodar@example.net
Андріїшин,Михайлина,Романівна,Ж,1970-08-15,Будник,місто Устилуг,"вулиця Флотський 3-й, буд. 13, Батурин, 85171",065 160 36 29,zkovalenko@example.com
Чайка,Богдан,Юрійович,Ч,1980-08-02,Письменник,місто Пустомити,"узвіз Ференца Ліста, буд. 7, Ланівці, 52378",031 378 54 53,oleksandrlevchenko@example.org
Бабариченко,Давид,Максимович,Ч,1957-04-23,Конструктор,місто Южне,"проспект Олени Теліги, буд. 759, Самбір, 92838",014 740-61-53,wgerega@example.com
Франко,Михайлина,Олександрівна,Ж,1974-02-22,Диригент,селище Біляївка,"шосе Платанова, буд. 6, Охтирка, 83324",066 850 34 96,demydvysochan@example.com
Чуприна,Ярослава,Вікторівна,Ж,1968-04-26,Математик,село Запоріжжя,"парк Лінія 44-та, буд. 18 кв. 61, Щолкіне, 72875",008 536 32 25,tkhorishko@example.com
Кириленко,Омелян,Богданович,Ч,1997-07-03,Конструктор,село Шостка,"площа Житомирська, буд. 249, Ходорів, 35089",+380 75 089 51 13,dchekaliuk@example.net
Щириця,Болеслав,Максимович,Ч,1955-02-15,Етнограф,хутір Мостиська,"провулок Лазурний 3-й, буд. 85 кв. 78, Брянка, 40178",+380 52 734-74-37,eokhrymovych@example.com
Александренко,Маруся,Іванівна,Ж,2009-10-22,Модель,місто Хрестівка,"парк Заводська 4-та, буд. 9, Міусинськ, 79419",072 042 06 20,bohuslavaeibozhenko@example.com
Бандурка,Владислав,Максимович,Ч,1972-10-02,Гірничий інженер,село Мелітополь,"площа Тарутинська, буд. 224 кв. 121, Вуглегірськ, 83509",099 981 61 57,lkhomyk@example.com
Закусило,Михайло,Романович,Ч,1970-03-04,Каскадер,хутір Ніжин,"проспект Хутірська, буд. 71, Тетіїв, 08227",022 478-76-88,artiushenkoanastasiia@example.net
Рак,Станіслав,Григорович,Ч,1989-12-25,Науковець,хутір Дунаївці,"вулиця Яна Длугоша, буд. 240 кв. 02, Нова Одеса, 80790",+380 07 658-79-68,fursoksana@example.org
Дейнека,Лариса,Іванівна,Ж,2010-03-18,Професор,місто Світловодськ,"набережна Миколи Кравченка, буд. 8 кв. 91, Дубляни, 48570",852-33-66,fsheremeta@example.com
Пушкар,Остап,Вікторович,Ч,1968-01-21,Краєзнавець,селище Щастя,"проспект Басейна, буд. 224, Олександрівськ, 93091",152-08-64,volodymyr87@example.org
Єсипенко,Феофан,Леонідович,Ч,1991-03-12,Клавішник,селище Попасна,"парк Пісочний, буд. 2 кв. 6, Берегове, 17149",+380 (28) 807-75-43,demianneporozhnii@example.com
Конопленко,Дарина,Василівна,Ж,1963-05-28,Мовознавець,селище Жидачів,"шосе Стороженка Олега, буд. 96, Амвросіївка, 10070",004 950-52-00,hcharnysh@example.net
Лемешко,Володимир,Петрович,Ч,1953-05-07,Будник,місто Острог,"узвіз Спаський, буд. 5 кв. 15, Скадовськ, 42482",+380 (29) 377-54-79,arkadiimykhaliuk@example.com
Каденюк,Ярослав,Олександрович,Ч,1974-04-16,Парфюмер,селище Перевальськ,"проспект Єфімова, буд. 56, Гірське, 25516",+380 52 727 24 46,volodymyraiaremenko@example.org
Данилюк,Хома,Степанович,Ч,1970-01-20,Швачка,селище Помічна,"провулок Санаторний, буд. 061 кв. 97, Вашківці, 13567",+380 14 223-55-43,teslenkosolomon@example.net
Кабаненко,Семен,Максимович,Ч,1970-10-16,Локсмайстер,хутір Липовець,"шосе Дніпропетровська дорога, буд. 39, Щолкіне, 73184",707-44-41,omelian65@example.org
Худяк,Віталій,Євгенович,Ч,1961-02-01,Композитор,місто Покров,"проспект 13-та ст. Великого Фонтану пляж, буд. 0, Олешки, 76292",032 891-71-23,andriienkoveniiamyn@example.com
Нестеренко,Амвросій,Романович,Ч,1963-05-08,Кухар,хутір Хотин,"парк Тепличний 1-й, буд. 31, Гайсин, 34003",006 058-52-06,spas17@example.com
Валенко,Михайлина,Романівна,Ж,1968-02-09,Дипломат,місто Носівка,"парк Дорожня, буд. 2, Барвінкове, 75714",+380 (50) 817-25-41,valentyn85@example.com
Вівчаренко,Онисим,Тарасович,Ч,1991-08-22,Державний службовець,селище Липовець,"проспект Менделе Сфоріма, буд. 503, Миронівка, 89805",639 02 98,veniiamynpelekh@example.org
Валенко,Федір,Григорович,Ч,1994-10-14,Кухар,місто Златопіль,"площа Кругова, буд. 0, Українськ, 89849",+380 16 679-63-60,tetianazakharenko@example.net
Ісаєнко,Веніямин,Євгенович,Ч,1957-06-12,Мовознавець,селище Маріуполь,"шосе Проектований 4-й, буд. 9 кв. 620, Кипуче, 97570",+380 03 965 13 16,serhiiovcharenko@example.com
Штокало,Святослав,Тарасович,Ч,1994-10-16,Гінеколог,село Південне,"шосе Шампанський, буд. 461 кв. 4, Суходільськ, 24951",+380 64 282 05 94,iurchyshynaoleksandr@example.com
Малишко,Петро,Олександрович,Ч,1950-07-07,Географ,хутір Решетилівка,"узвіз Володимира Хавкіна, буд. 60 кв. 16, Корець, 39215",040 012 47 81,babenkonataliia@example.com
Москаль,Азар,Миколайович,Ч,1947-04-29,Хореограф,місто Чугуїв,"вулиця Чигиринська, буд. 321 кв. 07, Бахмут, 15017",+380 (57) 662-47-84,artymyshyniaroslava@example.org
Свириденко,Кирило,Григорович,Ч,1986-10-26,Психолог,село Ужгород,"проспект Амбулаторний, буд. 2 кв. 991, Скалат, 44273",+380 16 326-36-25,kozakorysia@example.org
Приходько,Святослав,Сергійович,Ч,1950-06-11,Скульптор,місто Гірник,"шосе Шота Руставелі, буд. 6, Дубно, 72832",+380 51 252-85-67,fediriushchenko@example.com
Удовенко,Гліб,Андрійович,Ч,1956-10-06,Живописець,хутір Селидове,"шосе Заможна, буд. 7 кв. 082, Путивль, 81256",794-54-76,orysia00@example.net
Євдокименко,Христина,Дмитрівна,Ж,1975-01-11,Кінорежисер,хутір Корсунь-Шевченківський,"сквер Сабанський, буд. 28, Бібрка, 27721",+380 30 305-72-78,kbabychenko@example.net
Гаврилишина,Єлисавета,Миколаївна,Ж,1950-10-27,Парфюмер,хутір Лохвиця,"парк Хотинський, буд. 46, Новодністровськ, 51384",+380 71 693 68 60,bkozak@example.com
Акименко,Надія,Юріївна,Ж,1974-05-29,Паблік рилейшнз,село Сокологірськ,"площа Гіацинтовий, буд. 38 кв. 221, Дніпрорудне, 98442",+380 (78) 341-98-08,vernyhoramykhailo@example.net
Гоголь,Іван,Максимович,Ч,2011-01-19,Машиніст,місто Могилів-Подільський,"парк Василя Фащенка, буд. 8, Долинська, 17012",042 38 02,udovychenkozlatoslava@example.net
Михалюк,Ганна,Андріївна,Ж,1990-08-06,Єгер,місто Білогірськ,"проспект Учнівська, буд. 373, Виноградів, 74421",886 74 34,aleksiichukvadym@example.net
Атрощенко,Хома,Іванович,Ч,1982-06-15,Льотчик,село Житомир,"проспект Лінія 24-та, буд. 22 кв. 0, Хрестівка, 12015",+380 45 638 49 71,irenazaporozhets@example.net
Черінько,Онисим,Степанович,Ч,1983-03-06,Паралегал,село Середина-Буда,"провулок Літній, буд. 79 кв. 66, Заставна, 39101",855-87-91,havrylo07@example.com
Деряжний,Прохір,Юрійович,Ч,1951-02-19,Стиліст,селище Львів,"набережна Гранатний, буд. 9 кв. 6, Миколаїв, 17852",661 30 36,vladyslav27@example.net
Батіг,Владислав,Григорович,Ч,1976-05-28,Диригент,місто Карлівка,"вулиця Фонтанська дорога, буд. 2, Жданівка, 31851",862-61-76,anastasiiazatovkaniuk@example.org
Атрощенко,Віра,Петрівна,Ж,1958-12-15,Графік,місто Кодима,"проспект Грецька, буд. 942 кв. 81, Ківерці, 06747",+380 83 301-90-78,elaba@example.org
Баштан,Гліб,Богданович,Ч,1970-11-28,Інженер,місто Глиняни,"шосе Фонтанська дорога, буд. 1, Старий Крим, 68741",067 634 27 80,fsaienko@example.net
Архипенко,Августин,Вікторович,Ч,1949-03-30,Секретар,село Дубровиця,"сквер Михайла Омеляновича-Павленка, буд. 63, Бахмут, 66110",306 54 03,parmenvenhrynovych@example.org
Козаченко,Едуард,Ігорович,Ч,1989-11-07,Маркетолог,селище Вознесенськ,"сквер Яна Длугоша, буд. 7, Скадовськ, 73366",+380 73 754-75-10,nestortelizhenko@example.com
Овсієнко,Ада,Андріївна,Ж,1977-02-01,Мовознавець,селище Малин,"шосе Аркаса Миколи, буд. 56, Іллінці, 62927",+380 (99) 500-88-00,vhrytsenko@example.net
Захаренко,Еріка,Богданівна,Ж,1955-05-12,Промисловець,селище Новоазовськ,"парк Суперфосфатна, буд. 0 кв. 7, Борислав, 34514",032 818 38 71,pavlykandrii@example.org
Палій,Зорян,Тарасович,Ч,1965-02-16,Соціолог,місто Свалява,"площа Аптекарський, буд. 8 кв. 9, Старий Крим, 36306",+380 (19) 011-80-31,liubov19@example.net
Непорожній,Вікторія,Юріївна,Ж,1948-11-05,Клавішник,селище Донецьк,"узвіз Фестивальний, буд. 99 кв. 57, Рубіжне, 15600",024 889-50-68,tsiupatetiana@example.net
Хмара,Володимир,Сергійович,Ч,1946-11-22,Прокурор,місто Ямпіль,"вулиця Лузанівський, буд. 189 кв. 27, Овруч, 17031",074 117 47 66,qbabak@example.org
Остапчук,Леонід,Максимович,Ч,1956-10-03,Кінорежисер,село Кипуче,"провулок Йосипа Тимченка, буд. 1 кв. 18, Чортків, 11578",083 886 67 42,tshukhevych@example.net
Романчук,Петро,Андрійович,Ч,1989-01-09,Мінералог,хутір Благовіщенське,"набережна Матеріальний 1-й, буд. 86, Ходорів, 40111",+380 60 696-91-72,vashchenkoanita@example.net
Дрозд,Трохим,Дмитрович,Ч,1998-06-16,М'ясник,хутір Жовті Води,"проспект Тупиковий 1-й, буд. 290, Устилуг, 35704",+380 78 391-31-43,ivanchenkoomelian@example.org
Михалюк,Святослава,Олегівна,Ж,1947-05-22,Громадський діяч,місто Часів Яр,"шосе Красний, буд. 1, Арциз, 60763",+380 47 118 60 22,qbalaban@example.com
Бабʼюк,Данна,Ігорівна,Ж,1976-07-17,Нотаріус,село Оріхів,"узвіз Кавказька, буд. 28, Путивль, 21718",926 33 16,tryhubodarka@example.org
Базилевський,Ігнат,Дмитрович,Ч,1981-11-05,Адвокат,хутір Чортків,"вулиця Тупиковий, буд. 06, Вільнянськ, 65773",081 758-45-61,panas51@example.net
Уманець,Роман,Васильович,Ч,1982-04-15,Бухгалтер,місто Роздільна,"вулиця Наявний 1-й, буд. 732, Лубни, 70671",+380 46 860-53-69,danvernyhora@example.net
Тягнибок,Захар,Дмитрович,Ч,1953-03-06,Скульптор,селище Докучаєвськ,"шосе Сталепрокатна, буд. 49, Болехів, 72421",633 52 74,udanyliuk@example.net
Удовенко,Віра,Вікторівна,Ж,2010-06-14,Художник,місто Перемишляни,"набережна Газовий, буд. 2, Інкерман, 26834",+380 69 397-99-87,kamilla50@example.org
Рябець,Єва,Ігорівна,Ж,1993-09-05,Різноробочий,місто Бобровиця,"шосе Радіо, буд. 2, Підгородне, 28532",+380 98 271-68-81,isaievychvasylyna@example.net
Лемешко,Еріка,Іванівна,Ж,1958-11-13,Фармацевт,місто Семенівка,"узвіз Богдана Хмельницького, буд. 7 кв. 8, Калуш, 16116",+380 69 106 63 61,erika55@example.org
Ткач,Охрім,Сергійович,Ч,1960-05-18,Флорист,хутір Новодружеськ,"проспект Танкістів, буд. 59 кв. 83, Євпаторія, 54402",+380 (39) 262-18-19,ravdieienko@example.com
Пустовіт,Олесь,Романович,Ч,1984-12-06,Стропальник,місто Долинська,"шосе Санітарна, буд. 5, Мала Виска, 09723",056 057 94 52,semen83@example.com
Аронець,Богданна,Миколаївна,Ж,1949-09-07,Композитор,хутір Дебальцеве,"шосе Болградська, буд. 33 кв. 49, Снятин, 88848",+380 07 677-66-64,echerednyk@example.net
Христенко,Ірина,Леонідівна,Ж,1958-08-31,Гірник,селище Кіцмань,"шосе Пассіонарії, буд. 1, Харків, 06295",+380 75 381-31-30,darynazatula@example.net
Терещенко,Леопольд,Богданович,Ч,1967-09-06,Мистецтвознавець,місто Біляївка,"проспект Петра Лещенка, буд. 005, Коростишів, 54942",048 600 40 10,xprokopovych@example.net
Чуйко,Семен,Олегович,Ч,2006-07-06,Економіст,хутір Родинське,"парк Південна, буд. 5, Київ, 55076",+380 80 768-76-78,kovpakmarusia@example.net
Вергун,Камілла,Степанівна,Ж,1954-07-16,Продюсер,селище Ананьїв,"провулок Юхима Фесенка, буд. 149, Зоринськ, 01322",339 71 27,viterfedir@example.org
Шовкопляс,Софія,Юріївна,Ж,1961-06-24,Круп'є,село Вінниця,"проспект Улицька, буд. 089 кв. 88, Хоростків, 33199",127-53-66,oleh96@example.net
Рудько,Владислав,Вікторович,Ч,1995-08-03,Патологоанатом,селище Конотоп,"проспект Сашка Хорошенка, буд. 4 кв. 5, Городенка, 60786",+380 (56) 737-81-70,halynabatiuk@example.net
Червоненко,Марта,Юріївна,Ж,1954-11-09,Бухгалтер,село Городище,"шосе Конструкторський, буд. 14, Снятин, 53276",674-23-55,tereshchenkoaaron@example.com
Гунько,Василина,Юріївна,Ж,1991-05-18,Бібліограф,село Мирноград,"вулиця Трамвайна, буд. 9, Сновськ, 73972",+380 91 212-38-66,bohuslavshynkarenko@example.org
Левченко,Любов,Романівна,Ж,1982-09-14,Соціолог,селище Монастирище,"вулиця Ткачова, буд. 62 кв. 077, Берислав, 60731",+380 69 800-89-50,havryloshynkarenko@example.net
Гайворонський,Аврелій,Петрович,Ч,1983-05-25,Акушер,селище Молочанськ,"вулиця Костанді 2-й, буд. 328 кв. 7, Бурштин, 60586",+380 82 853 07 96,emiliia95@example.org
Дзиндра,Костянтин,Тарасович,Ч,1989-09-13,Журналіст,місто Новодружеськ,"площа Світла, буд. 63, Барвінкове, 07870",+380 66 272-77-82,bshvedchenko@example.net
Калениченко,Руслан,Тарасович,Ч,1989-10-12,Ветеринар,село Сміла,"площа Різовська, буд. 914, Кам'янка-Бузька, 41127",+380 38 171-23-38,havrylyshynfeofan@example.net
Пушкар,Ганна,Василівна,Ж,1974-07-01,Реабілітолог,місто Каховка,"площа Кипарисний 1-й, буд. 421 кв. 108, Остер, 82269",+380 02 293-10-78,xriabovil@example.org
Дрозд,Василь,Іванович,Ч,1948-01-31,Кінорежисер,селище Южне,"шосе Заможна, буд. 36, Лубни, 64343",272-48-96,ofilipenko@example.com
Зайченко,Петро,Миколайович,Ч,2006-05-14,Хореограф,місто Кам'янка (Черкаська область),"провулок Павла Чубинського, буд. 489 кв. 94, Збараж, 12951",003 918 86 92,csalii@example.com
Зарудна,Пріска,Євгенівна,Ж,1972-04-16,Дипломат,село Шахтарське,"проспект Одеський, буд. 995, Перечин, 47021",+380 (67) 665-36-18,abramchukbohodar@example.net
Лукаш,Варфоломій,Тарасович,Ч,1978-02-24,Ветеринар,місто Рахів,"набережна Матеріальний 1-й, буд. 922, Перевальськ, 82509",285 26 58,hlib60@example.net
Масляк,Ігнат,Ігорович,Ч,1958-12-15,Конструктор,село Снігурівка,"площа Неплія, буд. 4 кв. 20, Южноукраїнськ, 53997",+380 33 870-07-91,fesenkoamvrosii@example.org
Данченко,Демʼян,Дмитрович,Ч,2005-06-17,Няня,місто Одеса,"парк Юрія Яновського, буд. 23, П'ятихатки, 16191",146 35 56,knosachenko@example.org
